{
  "intents": [
    {
      "triggerQueries": [
        "Kto może zresetować kod PIN?",
        "W jaki sposób użytkownik uzyskuje dostęp do kodu PIN lub go zmienia?",
        "Czy mogę zwrócić i zmienić kod PIN?",
        "Jak zresetować kod PIN?",
        "Resetowanie kodu PIN",
        "W jaki sposób użytkownik może zmienić kod PIN?"
      ],
      "dialogId": "new_topic_2628e633105040ffa35cadf49dda9b1e",
      "isTriggeringEnabled": true,
      "id": "new_topic_2628e633105040ffa35cadf49dda9b1e",
      "displayName": "W jaki sposób użytkownik może zmienić kod PIN?",
      "description": "",
      "createdTime": "2021-09-26T18:43:55.3774092Z",
      "updatedTime": "2021-10-20T09:19:55.4308281Z",
      "createdUserId": "28fac8cb-bec7-48c9-a688-5024cf318b8a",
      "updatedUserId": "28fac8cb-bec7-48c9-a688-5024cf318b8a"
    }
  ],
  "dialogs": [
    {
      "rootNodeId": "fc5f20a7-661a-47c8-ad04-f5c9a9922113",
      "messageNodes": [
        {
          "botMessageId": "6da2a7fb-4c8d-4161-a740-4aa257b42af7",
          "nodeType": "BotMessageNode",
          "id": "fc5f20a7-661a-47c8-ad04-f5c9a9922113",
          "defaultTargetNodeId": "56c95196-ec5d-4f75-806a-b1e0e298dd96"
        }
      ],
      "dialogChangeNodes": [
        {
          "targetDialogId": "new_topic_d4ee79ce05584b519ee7d416fda7e2a3_aeabea4d071f415c8c107e1cb7af5424_assumedsuccess",
          "nodeType": "DialogChangeNode",
          "id": "56c95196-ec5d-4f75-806a-b1e0e298dd96"
        }
      ],
      "id": "new_topic_2628e633105040ffa35cadf49dda9b1e",
      "displayName": "Dialog for W jaki sposób użytkownik może zmienić kod PIN?",
      "createdTime": "2021-09-26T18:43:55.3774092Z",
      "updatedTime": "2021-09-26T18:44:27.3975213Z",
      "createdUserId": "28fac8cb-bec7-48c9-a688-5024cf318b8a",
      "updatedUserId": "28fac8cb-bec7-48c9-a688-5024cf318b8a"
    }
  ],
  "botMessages": [
    {
      "channelContent": {
        "web": {
          "contentFormat": "Markdown",
          "content": "Kod PIN może zostać zresetowany tylko przez administratora organizacji."
        }
      },
      "id": "6da2a7fb-4c8d-4161-a740-4aa257b42af7",
      "createdTime": "2021-09-26T18:43:55.3774092Z",
      "updatedTime": "2021-09-26T18:43:55.3774092Z",
      "createdUserId": "28fac8cb-bec7-48c9-a688-5024cf318b8a",
      "updatedUserId": "28fac8cb-bec7-48c9-a688-5024cf318b8a"
    }
  ]
}