{
  "intents": [
    {
      "triggerQueries": [
        "Czy można sprawdzić, kto był na spotkaniu?",
        "Czy można powiedzieć, kto był na spotkaniu?",
        "Wyświetlanie, kto uczestniczył w spotkaniu",
        "Zobacz raport z obecności na spotkaniu",
        "Pobieranie raportu obecności",
        "lista obecności",
        "Czy mogę otrzymać listę obecności?",
        "Czy mogę pobrać listę obecności?"
      ],
      "dialogId": "new_topic_2bb5e92bb8d848b9a8536af7879dc952",
      "isTriggeringEnabled": true,
      "id": "new_topic_2bb5e92bb8d848b9a8536af7879dc952",
      "displayName": "Czy mogę pobrać listę obecności?",
      "description": "",
      "createdTime": "2021-09-27T10:17:44.2096442Z",
      "updatedTime": "2021-10-11T12:51:37.7823669Z",
      "createdUserId": "28fac8cb-bec7-48c9-a688-5024cf318b8a",
      "updatedUserId": "28fac8cb-bec7-48c9-a688-5024cf318b8a"
    }
  ],
  "dialogs": [
    {
      "rootNodeId": "6b5ed70f-af4d-457a-b60d-aa01bdec05cd",
      "messageNodes": [
        {
          "botMessageId": "5d919791-86e4-4792-b415-6c16d519b696",
          "nodeType": "BotMessageNode",
          "id": "6b5ed70f-af4d-457a-b60d-aa01bdec05cd",
          "defaultTargetNodeId": "92aadd26-da40-45ed-adfe-ca530abcb6e7"
        },
        {
          "botMessageId": "2ee6ef12-25e2-4e43-a440-a0d867cf9701",
          "nodeType": "BotMessageNode",
          "id": "92aadd26-da40-45ed-adfe-ca530abcb6e7",
          "defaultTargetNodeId": "474aa586-c1a9-4191-92a4-069a998cdee9"
        },
        {
          "botMessageId": "5b3cb374-d254-412c-a196-9ce156050cbd",
          "nodeType": "BotMessageNode",
          "id": "474aa586-c1a9-4191-92a4-069a998cdee9",
          "defaultTargetNodeId": "68c825d4-fbd4-447b-9d14-99a849bc668a"
        }
      ],
      "dialogChangeNodes": [
        {
          "targetDialogId": "new_topic_d4ee79ce05584b519ee7d416fda7e2a3_aeabea4d071f415c8c107e1cb7af5424_assumedsuccess",
          "nodeType": "DialogChangeNode",
          "id": "68c825d4-fbd4-447b-9d14-99a849bc668a"
        }
      ],
      "id": "new_topic_2bb5e92bb8d848b9a8536af7879dc952",
      "displayName": "Dialog for Czy mogę pobrać listę obecności?",
      "createdTime": "2021-09-27T10:17:44.2096442Z",
      "updatedTime": "2021-10-11T12:52:49.1481327Z",
      "createdUserId": "28fac8cb-bec7-48c9-a688-5024cf318b8a",
      "updatedUserId": "28fac8cb-bec7-48c9-a688-5024cf318b8a"
    }
  ],
  "botMessages": [
    {
      "channelContent": {
        "web": {
          "contentFormat": "Markdown",
          "content": "Organizatorzy spotkania mogą [wyświetlać i pobierać raport o obecności na spotkaniach](https://support.microsoft.com/pl-pl/office/wy%C5%9Bwietlanie-i-pobieranie-raport%C3%B3w-obecno%C5%9Bci-na-spotkaniach-w-programie-teams-ae7cf170-530c-47d3-84c1-3aedac74d310). Znajdź ten raport w okienku Uczestnicy spotkania, klikając strzałkę pobierania."
        }
      },
      "id": "5d919791-86e4-4792-b415-6c16d519b696",
      "createdTime": "2021-09-27T10:17:44.2096442Z",
      "updatedTime": "2021-09-27T10:17:44.2096442Z",
      "createdUserId": "28fac8cb-bec7-48c9-a688-5024cf318b8a",
      "updatedUserId": "28fac8cb-bec7-48c9-a688-5024cf318b8a"
    },
    {
      "channelContent": {
        "web": {
          "contentFormat": "Markdown",
          "content": "Raport można pobrać jako plik .CSV (można otworzyć w programie Excel)."
        }
      },
      "id": "2ee6ef12-25e2-4e43-a440-a0d867cf9701",
      "createdTime": "2021-10-11T12:50:49.136Z",
      "updatedTime": "2021-10-11T12:50:49.136Z",
      "createdUserId": "user-0",
      "updatedUserId": "user-0"
    },
    {
      "channelContent": {
        "web": {
          "contentFormat": "Markdown",
          "content": "**Dla administratorów:** Zobacz ten artykuł, aby uzyskać szczegółowe informacje:\n\n[Raport o obecności na spotkaniach w usłudze Microsoft Teams](https://docs.microsoft.com/pl-PL/microsoftteams/teams-analytics-and-reports/meeting-attendance-report)"
        }
      },
      "id": "5b3cb374-d254-412c-a196-9ce156050cbd",
      "createdTime": "2021-10-11T12:51:14.483Z",
      "updatedTime": "2021-10-11T12:51:14.483Z",
      "createdUserId": "user-0",
      "updatedUserId": "user-0"
    }
  ]
}