{
  "intents": [
    {
      "triggerQueries": [
        "Specyfikacje systemowe dla wydarzeń na żywo",
        "Wymagania systemowe Live Event?",
        "Jakie są wymagania systemowe dotyczące wydarzeń na żywo w usłudze Teams?",
        "Wymagania systemowe Wydarzeń na żywo w usłudze Teams?",
        "W jakich systemach operacyjnych mogę uruchamiać wydarzenia na żywo?",
        "Wymagania Zdarzeń na żywo"
      ],
      "dialogId": "new_topic_f8da7b3aaa5645ceb0c59a125cdbaa99",
      "isTriggeringEnabled": true,
      "id": "new_topic_f8da7b3aaa5645ceb0c59a125cdbaa99",
      "displayName": "Wymagania Zdarzeń na żywo",
      "description": "",
      "createdTime": "2021-09-27T10:33:10.0874933Z",
      "updatedTime": "2021-09-27T13:41:44.4595292Z",
      "createdUserId": "28fac8cb-bec7-48c9-a688-5024cf318b8a",
      "updatedUserId": "28fac8cb-bec7-48c9-a688-5024cf318b8a"
    }
  ],
  "dialogs": [
    {
      "rootNodeId": "100f37f1-e3b2-4c42-8df7-33d70d480821",
      "messageNodes": [
        {
          "botMessageId": "1c10a961-3f41-4d3f-b8e6-e0d7f37183eb",
          "nodeType": "BotMessageNode",
          "id": "100f37f1-e3b2-4c42-8df7-33d70d480821",
          "defaultTargetNodeId": "93e15a78-54d2-4b2e-aaa2-c68730b2cf63"
        }
      ],
      "dialogChangeNodes": [
        {
          "targetDialogId": "new_topic_d4ee79ce05584b519ee7d416fda7e2a3_aeabea4d071f415c8c107e1cb7af5424_assumedsuccess",
          "nodeType": "DialogChangeNode",
          "id": "93e15a78-54d2-4b2e-aaa2-c68730b2cf63"
        }
      ],
      "id": "new_topic_f8da7b3aaa5645ceb0c59a125cdbaa99",
      "displayName": "Dialog for Wymagania Zdarzeń na żywo",
      "createdTime": "2021-09-27T10:33:10.0874933Z",
      "updatedTime": "2021-09-27T10:33:57.4551462Z",
      "createdUserId": "28fac8cb-bec7-48c9-a688-5024cf318b8a",
      "updatedUserId": "28fac8cb-bec7-48c9-a688-5024cf318b8a"
    }
  ],
  "botMessages": [
    {
      "channelContent": {
        "web": {
          "contentFormat": "Markdown",
          "content": "**Obsługiwane systemy operacyjne:** Windows 7 i nowsze (32-bitowe i 64-bitowe), macOS 10.10 lub nowsze.\n\n**Obsługiwane mobilne systemy operacyjne:** Android 4.4 i nowsze, iOS 10 i nowsze\n\n**Obsługiwane przeglądarki:**\n\n Microsoft Edge RS2 i nowsze, Chrome (najnowsze wersje 3), Firefox (najnowsze wersje 3),Internet Explorer 11, Safari.\n\nWięcej informacji w [artykule pomocy technicznej](https://support.microsoft.com/pl-pl/office/wprowadzenie-do-wydarze%C5%84-na-%C5%BCywo-w-aplikacji-microsoft-teams-d077fec2-a058-483e-9ab5-1494afda578a#bkmk_systemreq)."
        }
      },
      "id": "1c10a961-3f41-4d3f-b8e6-e0d7f37183eb",
      "createdTime": "2021-09-27T10:33:10.0874933Z",
      "updatedTime": "2021-09-27T10:33:10.0874933Z",
      "createdUserId": "28fac8cb-bec7-48c9-a688-5024cf318b8a",
      "updatedUserId": "28fac8cb-bec7-48c9-a688-5024cf318b8a"
    }
  ],
  "createdUtc": "0001-01-01T00:00:00Z"
}