{
  "intents": [
    {
      "triggerQueries": [
        "Aplikacja zadania w Microsoft Teams",
        "Wyjaśnienie do czego służy aplikacja Zadania",
        "Planowanie zadań w Microsoft Teams",
        "Chcę korzystać z Plannera",
        "Przydzielanie zadań w aplikacji Planner",
        "Jak używać Plannera w zespole?",
        "Czy mogę korzystać z usługi Planner w usłudze Teams?",
        "narzędzia do planowania dla grup",
        "W jaki sposób Planner i Todo są połączone w usłudze Teams?",
        "Wyjaśnienie aplikacji Tasks w Teams",
        "Jak użyć Plannera",
        "Czy mogę korzystać z Plannera w Teams?"
      ],
      "dialogId": "new_topic_4304094c8cdb47dfadaf701e0e3a4eed",
      "isTriggeringEnabled": true,
      "id": "new_topic_4304094c8cdb47dfadaf701e0e3a4eed",
      "displayName": "Czy mogę korzystać z Plannera w Teams?",
      "description": "",
      "createdTime": "2021-09-26T17:26:28.7594759Z",
      "updatedTime": "2021-10-21T09:01:17.7103812Z",
      "createdUserId": "28fac8cb-bec7-48c9-a688-5024cf318b8a",
      "updatedUserId": "28fac8cb-bec7-48c9-a688-5024cf318b8a"
    }
  ],
  "dialogs": [
    {
      "rootNodeId": "29f688a7-137d-438a-bab9-f16dc6ed60f6",
      "messageNodes": [
        {
          "botMessageId": "2238c5e3-2e8e-4b5f-8916-eed79a204774",
          "nodeType": "BotMessageNode",
          "id": "29f688a7-137d-438a-bab9-f16dc6ed60f6",
          "defaultTargetNodeId": "ef04bab1-772c-4141-add7-e34c4273f542"
        },
        {
          "botMessageId": "a665792f-4b13-4ffc-b195-e9c20eeac48e",
          "nodeType": "BotMessageNode",
          "id": "ef04bab1-772c-4141-add7-e34c4273f542",
          "defaultTargetNodeId": "409218b0-5d9f-41bf-a0ee-3a73d2b03336"
        },
        {
          "botMessageId": "7a6b5f81-e2b6-44b7-bfa2-9f560ba89d72",
          "nodeType": "BotMessageNode",
          "id": "409218b0-5d9f-41bf-a0ee-3a73d2b03336",
          "defaultTargetNodeId": "d8635de7-2519-4cfe-9d85-ecf3a97d33ff"
        },
        {
          "botMessageId": "28724741-6883-4a54-bc21-c150b95e8099",
          "nodeType": "BotMessageNode",
          "id": "d8635de7-2519-4cfe-9d85-ecf3a97d33ff",
          "defaultTargetNodeId": "58113a19-5c74-4e80-8125-b58f1cdfccf8"
        }
      ],
      "dialogChangeNodes": [
        {
          "targetDialogId": "new_topic_d4ee79ce05584b519ee7d416fda7e2a3_aeabea4d071f415c8c107e1cb7af5424_assumedsuccess",
          "nodeType": "DialogChangeNode",
          "id": "58113a19-5c74-4e80-8125-b58f1cdfccf8"
        }
      ],
      "id": "new_topic_4304094c8cdb47dfadaf701e0e3a4eed",
      "displayName": "Dialog for Czy mogę korzystać z Plannera w Teams?",
      "createdTime": "2021-09-26T17:26:28.7594759Z",
      "updatedTime": "2021-10-21T09:07:56.1711113Z",
      "createdUserId": "28fac8cb-bec7-48c9-a688-5024cf318b8a",
      "updatedUserId": "28fac8cb-bec7-48c9-a688-5024cf318b8a"
    }
  ],
  "botMessages": [
    {
      "channelContent": {
        "web": {
          "contentFormat": "Markdown",
          "content": "Dobra wiadomość dla fanów organizacji i współpracy, Teams i Planner idą w parze!\n\n[Użycie aplikacji Planner w Teams](https://support.microsoft.com/pl-pl/office/u%c5%bcywanie-aplikacji-planner-w-us%c5%82udze-microsoft-teams-62798a9f-e8f7-4722-a700-27dd28a06ee0)"
        }
      },
      "id": "2238c5e3-2e8e-4b5f-8916-eed79a204774",
      "createdTime": "2021-09-26T17:26:28.7594759Z",
      "updatedTime": "2021-09-26T17:26:28.7594759Z",
      "createdUserId": "28fac8cb-bec7-48c9-a688-5024cf318b8a",
      "updatedUserId": "28fac8cb-bec7-48c9-a688-5024cf318b8a"
    },
    {
      "channelContent": {
        "web": {
          "contentFormat": "Markdown",
          "content": "Aby rozpocząć korzystanie z nich razem, dodaj kartę **Tasks (Planner i ToDo)** do kanału zespołu Teams. Po prostu kliknij pozycję **Dodaj kartę** obok kart u góry kanału."
        }
      },
      "id": "a665792f-4b13-4ffc-b195-e9c20eeac48e",
      "createdTime": "2021-10-21T09:06:47.519Z",
      "updatedTime": "2021-10-21T09:06:47.519Z",
      "createdUserId": "user-0",
      "updatedUserId": "user-0"
    },
    {
      "channelContent": {
        "web": {
          "contentFormat": "Markdown",
          "content": "Wybierz **pozycję Tasks (Planner i ToDo)**, a następnie wykonaj jedną z następujących czynności:\n\n*   Kliknij **pozycję Utwórz nowy plan** i wpisz nazwę nowej tablicy Plannera.\n*   Kliknij **pozycję Użyj istniejącego planu** i wybierz istniejącą tablicę z menu."
        }
      },
      "id": "7a6b5f81-e2b6-44b7-bfa2-9f560ba89d72",
      "createdTime": "2021-10-21T09:07:34.055Z",
      "updatedTime": "2021-10-21T09:07:34.055Z",
      "createdUserId": "user-0",
      "updatedUserId": "user-0"
    },
    {
      "channelContent": {
        "web": {
          "contentFormat": "Markdown",
          "content": "Jeśli chcesz zagłębić się w szczegóły, aby zarządzać zadaniami programu Planner w usłudze Teams, zobacz\n\n[Microsoft Teams: Korzystanie z programu Planner w celu utrzymania porządku w zadaniach.](https://support.microsoft.com/pl-pl/office/u%c5%bcywanie-aplikacji-planner-w-us%c5%82udze-microsoft-teams-62798a9f-e8f7-4722-a700-27dd28a06ee0?ui=pl-PL&rs=pl-PL&ad=PL)"
        }
      },
      "id": "28724741-6883-4a54-bc21-c150b95e8099",
      "createdTime": "2021-10-21T09:07:47.366Z",
      "updatedTime": "2021-10-21T09:07:47.366Z",
      "createdUserId": "user-0",
      "updatedUserId": "user-0"
    }
  ]
}