{
  "properties": {
    "connectionReferences": {
      "shared_office365users_1": {
        "runtimeSource": "embedded",
        "connection": {
          "connectionReferenceLogicalName": "new_sharedoffice365users_fbbb1"
        },
        "api": {
          "name": "shared_office365users"
        }
      },
      "shared_teams_1": {
        "runtimeSource": "embedded",
        "connection": {
          "connectionReferenceLogicalName": "new_sharedteams_87d38"
        },
        "api": {
          "name": "shared_teams"
        }
      }
    },
    "definition": {
      "$schema": "https://schema.management.azure.com/providers/Microsoft.Logic/schemas/2016-06-01/workflowdefinition.json#",
      "contentVersion": "1.0.0.0",
      "parameters": {
        "$connections": {
          "defaultValue": {},
          "type": "Object"
        },
        "$authentication": {
          "defaultValue": {},
          "type": "SecureObject"
        }
      },
      "triggers": {
        "manual": {
          "metadata": {
            "operationMetadataId": "073ef63d-ded3-49dc-be96-64887c60a563"
          },
          "type": "Request",
          "kind": "VirtualAgent",
          "inputs": {
            "schema": {
              "type": "object",
              "properties": {
                "text": {
                  "title": "User Display name",
                  "type": "string",
                  "x-ms-dynamically-added": true,
                  "description": "The user's display name in Microsoft Teams",
                  "x-ms-content-hint": "TEXT"
                },
                "text_1": {
                  "title": "UPN (UserID)",
                  "type": "string",
                  "x-ms-dynamically-added": true,
                  "description": "Unique user ID",
                  "x-ms-content-hint": "TEXT"
                },
                "text_2": {
                  "title": "User question",
                  "type": "string",
                  "x-ms-dynamically-added": true,
                  "description": "The question the user wrote to the bot",
                  "x-ms-content-hint": "TEXT"
                },
                "text_3": {
                  "title": "Title of user question",
                  "type": "string",
                  "x-ms-dynamically-added": true,
                  "description": "The title the user gave his or her question",
                  "x-ms-content-hint": "TEXT"
                }
              },
              "required": [
                "text",
                "text_1",
                "text_2",
                "text_3"
              ]
            }
          }
        }
      },
      "actions": {
        "Return_value(s)_to_Power_Virtual_Agents": {
          "runAfter": {
            "Post_your_own_adaptive_card_as_the_Flow_bot_to_a_channel": [
              "Succeeded"
            ]
          },
          "metadata": {
            "operationMetadataId": "a9a354d7-0aed-4ea5-99ac-f3274c81eecd"
          },
          "type": "Response",
          "kind": "VirtualAgent",
          "inputs": {
            "statusCode": 200,
            "body": {},
            "schema": {
              "type": "object",
              "properties": {}
            }
          }
        },
        "Get_user_profile_(V2)": {
          "runAfter": {},
          "metadata": {
            "operationMetadataId": "e417eb29-6316-4c2d-886c-561f73a05f88"
          },
          "type": "OpenApiConnection",
          "inputs": {
            "host": {
              "connectionName": "shared_office365users_1",
              "operationId": "UserProfile_V2",
              "apiId": "/providers/Microsoft.PowerApps/apis/shared_office365users"
            },
            "parameters": {
              "id": "@triggerBody()['text_1']"
            },
            "authentication": "@parameters('$authentication')"
          }
        },
        "Post_your_own_adaptive_card_as_the_Flow_bot_to_a_channel": {
          "runAfter": {
            "Get_user_profile_(V2)": [
              "Succeeded"
            ]
          },
          "metadata": {
            "operationMetadataId": "23c27050-4d53-4f0d-8725-282fda91a64b"
          },
          "type": "OpenApiConnection",
          "inputs": {
            "host": {
              "connectionName": "shared_teams_1",
              "operationId": "PostChannelAdaptiveCard",
              "apiId": "/providers/Microsoft.PowerApps/apis/shared_teams"
            },
            "parameters": {
              "groupId": "3b83c26c-8805-460b-bacc-b5076d644e82",
              "PostAdaptiveCardRequest/recipient/channelId": "19:4886675dd5a84a5e954a0fb79b3b7844@thread.tacv2",
              "PostAdaptiveCardRequest/messageBody": "{ \n    \"type\": \"AdaptiveCard\",\n    \"body\": [\n        {\n            \"type\": \"TextBlock\",\n            \"size\": \"Large\",\n            \"weight\": \"Bolder\",\n            \"text\": \"Potrzebne wsparcie na temat: @{triggerBody()['text_3']}\",\n            \"wrap\": true\n        },\n        {\n            \"type\": \"ColumnSet\",\n            \"columns\": [\n                {\n                    \"type\": \"Column\",\n                    \"items\": [\n                        {\n                            \"type\": \"TextBlock\",\n                            \"text\": \"@{triggerBody()['text']} potrzebuje pomocy.\",\n                            \"wrap\": true\n                        }\n                    ],\n                    \"width\": \"stretch\"\n                }\n            ]\n        },\n        {\n            \"type\": \"TextBlock\",\n            \"weight\": \"Bolder\",\n            \"text\": \"Pytanie: @{triggerBody()['text_2']}\",\n            \"wrap\": true\n        }\n    ],\n    \"$schema\": \"http://adaptivecards.io/schemas/adaptive-card.json\",\n    \"version\": \"1.2\",\n    \"actions\": [\n        {\n            \"type\": \"Action.OpenUrl\",\n            \"title\": \"Czat z @{outputs('Get_user_profile_(V2)')?['body/displayName']}\",\n            \"url\": \"https://teams.microsoft.com/l/chat/0/0?users=@{outputs('Get_user_profile_(V2)')?['body/userPrincipalName']}\"\n        }\n    ]\n}"
            },
            "authentication": "@parameters('$authentication')"
          }
        }
      },
      "outputs": {}
    },
    "templateName": null
  },
  "schemaVersion": "1.0.0.0"
}