{
  "intents": [
    {
      "triggerQueries": [
        "Czy użytkownik może uzyskać osobisty identyfikator konferencji?",
        "Czy możemy tworzyć unikalne identyfikatory konferencji?",
        "Masz własny identyfikator konferencji?",
        "Czy użytkownik może uzyskać statyczny kod telekonferencji?"
      ],
      "dialogId": "new_topic_eff17c4c16314cd8ac993026eceb29e6",
      "isTriggeringEnabled": true,
      "id": "new_topic_eff17c4c16314cd8ac993026eceb29e6",
      "displayName": "Czy użytkownik może uzyskać statyczny kod telekonferencji?",
      "description": "",
      "createdTime": "2021-09-26T18:39:04.9519239Z",
      "updatedTime": "2021-10-24T20:25:40.6782354Z",
      "createdUserId": "28fac8cb-bec7-48c9-a688-5024cf318b8a",
      "updatedUserId": "28fac8cb-bec7-48c9-a688-5024cf318b8a"
    }
  ],
  "dialogs": [
    {
      "rootNodeId": "b5fe0fe8-6bc3-4afb-b66b-93cbcb731656",
      "messageNodes": [
        {
          "botMessageId": "200916eb-3c07-4665-bf2e-8e431bbbc9f5",
          "nodeType": "BotMessageNode",
          "id": "b5fe0fe8-6bc3-4afb-b66b-93cbcb731656",
          "defaultTargetNodeId": "b2cd6464-6421-41f9-8514-8cea8d356a45"
        }
      ],
      "dialogChangeNodes": [
        {
          "targetDialogId": "new_topic_d4ee79ce05584b519ee7d416fda7e2a3_aeabea4d071f415c8c107e1cb7af5424_assumedsuccess",
          "nodeType": "DialogChangeNode",
          "id": "b2cd6464-6421-41f9-8514-8cea8d356a45"
        }
      ],
      "id": "new_topic_eff17c4c16314cd8ac993026eceb29e6",
      "displayName": "Dialog for Czy użytkownik może uzyskać statyczny kod telekonferencji?",
      "createdTime": "2021-09-26T18:39:04.9519239Z",
      "updatedTime": "2021-09-26T18:39:36.1020931Z",
      "createdUserId": "28fac8cb-bec7-48c9-a688-5024cf318b8a",
      "updatedUserId": "28fac8cb-bec7-48c9-a688-5024cf318b8a"
    }
  ],
  "botMessages": [
    {
      "channelContent": {
        "web": {
          "contentFormat": "Markdown",
          "content": "Użytkownikom usługi Microsoft Teams są losowo przypisywane identyfikatory konferencji i nie można zarezerwować ani wprowadzić statycznego identyfikatora konferencji do prywatnego użytku."
        }
      },
      "id": "200916eb-3c07-4665-bf2e-8e431bbbc9f5",
      "createdTime": "2021-09-26T18:39:04.9519239Z",
      "updatedTime": "2021-09-26T18:39:04.9519239Z",
      "createdUserId": "28fac8cb-bec7-48c9-a688-5024cf318b8a",
      "updatedUserId": "28fac8cb-bec7-48c9-a688-5024cf318b8a"
    }
  ]
}