{
  "intents": [
    {
      "triggerQueries": [
        "Kto może dołączyć do rozmowy konferencyjnej?",
        "Kto może wziąć udział w telefonicznej rozmowie konferencyjnej? A kogo słyszę?",
        "Kto może wziąć udział w telekonferencji?",
        "Kto może zadzwonić na spotkanie?",
        "Kto może wziąć udział w telekonferencji?",
        "Kogo mogę usłyszeć na konferencji telefonicznej?",
        "Kto może wdzwonić się na telekonferencję i kogo będę mógł usłyszeć?"
      ],
      "dialogId": "new_topic_ce3cf55dd8334f0ab7b23da05b18e4fd",
      "isTriggeringEnabled": true,
      "id": "new_topic_ce3cf55dd8334f0ab7b23da05b18e4fd",
      "displayName": "Kto może wdzwonić się na telekonferencję i kogo będę mógł usłyszeć?",
      "description": "",
      "createdTime": "2021-09-26T18:18:56.7777482Z",
      "updatedTime": "2021-10-24T20:29:55.279061Z",
      "createdUserId": "28fac8cb-bec7-48c9-a688-5024cf318b8a",
      "updatedUserId": "28fac8cb-bec7-48c9-a688-5024cf318b8a"
    }
  ],
  "dialogs": [
    {
      "rootNodeId": "3b4bb109-8a7b-4cdf-be83-f9d090a58c33",
      "messageNodes": [
        {
          "botMessageId": "b75ba929-07c3-4209-bf5d-b1865fca331c",
          "nodeType": "BotMessageNode",
          "id": "3b4bb109-8a7b-4cdf-be83-f9d090a58c33",
          "defaultTargetNodeId": "b8644019-4b8e-4870-aac8-a39653524f83"
        }
      ],
      "dialogChangeNodes": [
        {
          "targetDialogId": "new_topic_d4ee79ce05584b519ee7d416fda7e2a3_aeabea4d071f415c8c107e1cb7af5424_assumedsuccess",
          "nodeType": "DialogChangeNode",
          "id": "b8644019-4b8e-4870-aac8-a39653524f83"
        }
      ],
      "id": "new_topic_ce3cf55dd8334f0ab7b23da05b18e4fd",
      "displayName": "Dialog for Kto może wdzwonić się na telekonferencję i kogo będę mógł usłyszeć?",
      "createdTime": "2021-09-26T18:18:56.7777482Z",
      "updatedTime": "2021-09-26T18:19:27.4383453Z",
      "createdUserId": "28fac8cb-bec7-48c9-a688-5024cf318b8a",
      "updatedUserId": "28fac8cb-bec7-48c9-a688-5024cf318b8a"
    }
  ],
  "botMessages": [
    {
      "channelContent": {
        "web": {
          "contentFormat": "Markdown",
          "content": "Każdy, kto ma numer telefonu i identyfikator konferencji, może dołączyć do spotkania usługi Microsoft Teams, chyba że organizator spotkania zablokował spotkanie.\n\nNiezależnie od tego, czy dzwonisz za pomocą telefonu, czy aplikacji Microsoft Teams, będziesz mógł usłyszeć wszystkich innych podczas rozmowy, a oni cię usłyszą. Organizator spotkania ma możliwość wyciszenia uczestników spotkania, jeśli dyskusje zakłócają przebieg spotkania."
        }
      },
      "id": "b75ba929-07c3-4209-bf5d-b1865fca331c",
      "createdTime": "2021-09-26T18:18:56.7777482Z",
      "updatedTime": "2021-09-26T18:18:56.7777482Z",
      "createdUserId": "28fac8cb-bec7-48c9-a688-5024cf318b8a",
      "updatedUserId": "28fac8cb-bec7-48c9-a688-5024cf318b8a"
    }
  ]
}