{
  "intents": [
    {
      "triggerQueries": [
        "gdzie mogę znaleźć aplikacje Teams do spotkań?",
        "specjalne funkcje spotkań",
        "Wyświetlanie listy wtyczek do spotkań",
        "Czy mogę dostosować środowisko spotkań w usłudze Teams?",
        "Dodatkowe funkcje rozszerzenia spotkań",
        "Czy mogę wpływać na sposób spotkania?",
        "Jak korzystać z aplikacji do obsługi spotkań w zespołach?",
        "aplikacja do spotkań",
        "Dostosowywanie spotkań usługi Teams za pomocą dodatkowych funkcji?",
        "Czy mogę dostosować środowisko spotkania zespołu?",
        "Aplikacja Teams do spotkań",
        "Czy mogę modyfikować funkcjonalność spotkań w Teams?"
      ],
      "dialogId": "new_topic_40fb0eaf8ce149c4912c2abb37fe315a",
      "isTriggeringEnabled": true,
      "id": "new_topic_40fb0eaf8ce149c4912c2abb37fe315a",
      "displayName": "Czy mogę modyfikować funkcjonalność spotkań w Teams?",
      "description": "",
      "createdTime": "2021-09-27T10:45:32.4934785Z",
      "updatedTime": "2021-10-06T14:41:33.1794198Z",
      "createdUserId": "28fac8cb-bec7-48c9-a688-5024cf318b8a",
      "updatedUserId": "28fac8cb-bec7-48c9-a688-5024cf318b8a"
    }
  ],
  "dialogs": [
    {
      "rootNodeId": "6a7589ca-908b-42eb-b3f6-1b1d02401fa8",
      "messageNodes": [
        {
          "botMessageId": "da1b6c97-1b44-4e6e-8549-cf0eeeb3be61",
          "nodeType": "BotMessageNode",
          "id": "6a7589ca-908b-42eb-b3f6-1b1d02401fa8",
          "defaultTargetNodeId": "ab297391-3a4f-47d6-be90-b8e50bdcf1fd"
        },
        {
          "botMessageId": "f2821a5f-54a2-4755-977f-ea967110351e",
          "nodeType": "BotMessageNode",
          "id": "ab297391-3a4f-47d6-be90-b8e50bdcf1fd",
          "defaultTargetNodeId": "d2598679-8179-4551-af28-46c905e2e44c"
        }
      ],
      "dialogChangeNodes": [
        {
          "targetDialogId": "new_topic_d4ee79ce05584b519ee7d416fda7e2a3_aeabea4d071f415c8c107e1cb7af5424_assumedsuccess",
          "nodeType": "DialogChangeNode",
          "id": "d2598679-8179-4551-af28-46c905e2e44c"
        }
      ],
      "id": "new_topic_40fb0eaf8ce149c4912c2abb37fe315a",
      "displayName": "Dialog for Czy mogę modyfikować funkcjonalność spotkań w Teams?",
      "createdTime": "2021-09-27T10:45:32.4934785Z",
      "updatedTime": "2021-10-06T14:42:18.0533898Z",
      "createdUserId": "28fac8cb-bec7-48c9-a688-5024cf318b8a",
      "updatedUserId": "28fac8cb-bec7-48c9-a688-5024cf318b8a"
    }
  ],
  "botMessages": [
    {
      "channelContent": {
        "web": {
          "contentFormat": "Markdown",
          "content": "Dostępnych jest kilka aplikacji dla spotkań zespołów. Umożliwiają one dostosowanie środowiska spotkania do swoich potrzeb. Informacje na temat aplikacji Teams do spotkań znajdziesz w [tym artykule](https://www.microsoft.com/pl-pl/microsoft-teams/meetings-apps)."
        }
      },
      "id": "da1b6c97-1b44-4e6e-8549-cf0eeeb3be61",
      "createdTime": "2021-09-27T10:45:32.4934785Z",
      "updatedTime": "2021-09-27T10:45:32.4934785Z",
      "createdUserId": "28fac8cb-bec7-48c9-a688-5024cf318b8a",
      "updatedUserId": "28fac8cb-bec7-48c9-a688-5024cf318b8a"
    },
    {
      "channelContent": {
        "web": {
          "contentFormat": "Markdown",
          "content": "Jeśli jesteś programistą, możesz [utworzyć własną](https://docs.microsoft.com/en-us/microsoftteams/platform/apps-in-teams-meetings/teams-apps-in-meetings) aplikację do spotkań w [Teams.](https://docs.microsoft.com/en-us/microsoftteams/platform/apps-in-teams-meetings/teams-apps-in-meetings)"
        }
      },
      "id": "f2821a5f-54a2-4755-977f-ea967110351e",
      "createdTime": "2021-10-06T14:42:05.218Z",
      "updatedTime": "2021-10-06T14:42:05.218Z",
      "createdUserId": "user-0",
      "updatedUserId": "user-0"
    }
  ],
  "createdUtc": "0001-01-01T00:00:00Z"
}