{
  "intents": [
    {
      "triggerQueries": [
        "Utwórz nowy kanał",
        "Jak utworzyć kanał w zespole?",
        "Konfigurowanie nowego kanału w moim zespole",
        "Dodawanie kanału w zespole",
        "Czy każdy może dodawać kanały w zespole?",
        "Jak uniemożliwić członkom dodawanie kanałów?",
        "Tworzenie kanałów w zespole",
        "dodawanie kanałów w moim zespole",
        "tworzenie kanałów zespołu",
        "Jak stworzyć nowy kanał w zespole?"
      ],
      "dialogId": "new_topic_56e5d50eee9346768bf64532f2401448",
      "isTriggeringEnabled": true,
      "id": "new_topic_56e5d50eee9346768bf64532f2401448",
      "displayName": "Jak stworzyć nowy kanał w zespole?",
      "description": "",
      "createdTime": "2021-09-27T10:47:46.3512379Z",
      "updatedTime": "2022-02-22T14:21:40.6918516Z",
      "createdUserId": "28fac8cb-bec7-48c9-a688-5024cf318b8a",
      "updatedUserId": "28fac8cb-bec7-48c9-a688-5024cf318b8a"
    }
  ],
  "dialogs": [
    {
      "rootNodeId": "75df6ce1-ce12-4826-ae7b-748803e8f995",
      "messageNodes": [
        {
          "botMessageId": "79b59b97-7dca-4757-921f-4f827c777727",
          "nodeType": "BotMessageNode",
          "id": "75df6ce1-ce12-4826-ae7b-748803e8f995",
          "defaultTargetNodeId": "f325cada-2ddd-4081-b5b4-c8f0be80de30"
        },
        {
          "botMessageId": "b3123f5f-793e-42b0-9a2d-f86d3bc181d6",
          "nodeType": "BotMessageNode",
          "id": "f325cada-2ddd-4081-b5b4-c8f0be80de30",
          "defaultTargetNodeId": "93b91f17-5d3e-4f21-a79f-8618746db925"
        }
      ],
      "dialogChangeNodes": [
        {
          "targetDialogId": "new_topic_d4ee79ce05584b519ee7d416fda7e2a3_aeabea4d071f415c8c107e1cb7af5424_assumedsuccess",
          "nodeType": "DialogChangeNode",
          "id": "93b91f17-5d3e-4f21-a79f-8618746db925"
        }
      ],
      "id": "new_topic_56e5d50eee9346768bf64532f2401448",
      "displayName": "Dialog for Jak stworzyć nowy kanał w zespole?",
      "createdTime": "2021-09-27T10:47:46.3512379Z",
      "updatedTime": "2022-02-22T14:21:40.6918516Z",
      "createdUserId": "28fac8cb-bec7-48c9-a688-5024cf318b8a",
      "updatedUserId": "28fac8cb-bec7-48c9-a688-5024cf318b8a"
    }
  ],
  "botMessages": [
    {
      "channelContent": {
        "web": {
          "contentFormat": "Markdown",
          "content": "Na pasku bocznym aplikacji Teams kliknij pozycję **Zespoły**, wybierz zespół, w którym chcesz dodać kanał, a następnie kliknij **... > Dodaj kanał**. Pojawi się okno dialogowe, w którym musisz podać nazwę nowego kanału, opis (opcjonalny) oraz poziom prywatności:\n\n*   **Standardowy** – kanał widoczny jest dla wszystkich osób w zespole\n*   **Prywatny** – kanał wybrany jest tylko dla wybranych osób\n\nDodatkowo możemy zaznaczyć, czy kanał ma być domyślnie widoczny dla wszystkich użytkowników\n\nWięcej informacji dostępne jest w [artykule pomocy technicznej](https://support.microsoft.com/pl-pl/topic/tworzenie-lub-obserwowanie-kana%C5%82u-w-aplikacji-microsoft-teams-przy-u%C5%BCyciu-czytnika-zawarto%C5%9Bci-ekranu-60f81fab-5a82-44ed-8b24-809353492b74)."
        }
      },
      "id": "79b59b97-7dca-4757-921f-4f827c777727",
      "createdTime": "2021-09-27T10:47:46.3512379Z",
      "updatedTime": "2021-09-27T10:47:46.3512379Z",
      "createdUserId": "28fac8cb-bec7-48c9-a688-5024cf318b8a",
      "updatedUserId": "28fac8cb-bec7-48c9-a688-5024cf318b8a"
    },
    {
      "channelContent": {
        "web": {
          "contentFormat": "Markdown",
          "content": "**UWAGA:** W roku 2022 wprowadzony będzie jeszcze jeden poziom prywatności – kanał udostępniony (określany jako Shared Channel lub Teams Connect), współdzielony z osobami z innej organizacji Teams."
        }
      },
      "id": "b3123f5f-793e-42b0-9a2d-f86d3bc181d6",
      "createdTime": "2022-02-22T14:21:17.236Z",
      "updatedTime": "2022-02-22T14:21:17.236Z",
      "createdUserId": "user-0",
      "updatedUserId": "user-0"
    }
  ]
}