{
  "intents": [
    {
      "triggerQueries": [
        "Szkolenie online Teams",
        "Zobacz filmy o usłudze Teams",
        "Wyświetlanie klipów wideo o funkcjach w aplikacji Teams",
        "Gdzie mogę znaleźć filmy o usłudze Microsoft Teams?",
        "szkolenia cyfrowe na temat Teams",
        "Czy są jakieś szkolenia dotyczące usługi Teams?",
        "Jak mogę skorzystać ze szkolenia online na temat usługi Teams?",
        "szkolenia dotyczące usługi Teams",
        "szkolenia online",
        "szkolenia online dotyczące usługi Teams",
        "Chcę dowiedzieć się więcej o usłudze Teams",
        "Znajdź szkolenie wideo o usłudze Microsoft Teams",
        "filmy o Teams",
        "nauka wideo dla Microsoft Teams",
        "Gdzie mogę znaleźć cyfrowe materiały szkoleniowe dot. Teams?"
      ],
      "dialogId": "new_topic_94b19e7bad964d7aab4e4832b9dca176",
      "isTriggeringEnabled": true,
      "id": "new_topic_94b19e7bad964d7aab4e4832b9dca176",
      "displayName": "Gdzie mogę znaleźć cyfrowe materiały szkoleniowe dot. Teams?",
      "description": "",
      "createdTime": "2021-09-27T10:39:44.397631Z",
      "updatedTime": "2021-10-11T09:02:02.00053Z",
      "createdUserId": "28fac8cb-bec7-48c9-a688-5024cf318b8a",
      "updatedUserId": "28fac8cb-bec7-48c9-a688-5024cf318b8a"
    }
  ],
  "dialogs": [
    {
      "rootNodeId": "b40d2f7d-7760-4e1b-8b0f-7188e14e0769",
      "messageNodes": [
        {
          "botMessageId": "c6af9a44-1ebc-4421-b4d3-5d833feacb04",
          "nodeType": "BotMessageNode",
          "id": "b40d2f7d-7760-4e1b-8b0f-7188e14e0769",
          "defaultTargetNodeId": "0edbb32f-4c73-4aa7-8a0f-e93340a3a237"
        }
      ],
      "dialogChangeNodes": [
        {
          "targetDialogId": "new_topic_d4ee79ce05584b519ee7d416fda7e2a3_aeabea4d071f415c8c107e1cb7af5424_assumedsuccess",
          "nodeType": "DialogChangeNode",
          "id": "0edbb32f-4c73-4aa7-8a0f-e93340a3a237"
        }
      ],
      "id": "new_topic_94b19e7bad964d7aab4e4832b9dca176",
      "displayName": "Dialog for Gdzie mogę znaleźć cyfrowe materiały szkoleniowe dot. Teams?",
      "createdTime": "2021-09-27T10:39:44.397631Z",
      "updatedTime": "2021-10-11T09:03:28.2768798Z",
      "createdUserId": "28fac8cb-bec7-48c9-a688-5024cf318b8a",
      "updatedUserId": "28fac8cb-bec7-48c9-a688-5024cf318b8a"
    }
  ],
  "botMessages": [
    {
      "channelContent": {
        "web": {
          "contentFormat": "Markdown",
          "content": "Możesz skorzystać ze szkolenia używając tego linku [Szkolenie wideo dla zespołów Microsoft Teams](https://support.microsoft.com/pl-pl/office/microsoft-teams-%e2%80%94-film-szkoleniowy-4f108e54-240b-4351-8084-b1089f0d21d7?ui=pl-PL&rs=pl-PL&ad=PL)"
        }
      },
      "id": "c6af9a44-1ebc-4421-b4d3-5d833feacb04",
      "createdTime": "2021-09-27T10:39:44.397631Z",
      "updatedTime": "2021-09-27T10:39:44.397631Z",
      "createdUserId": "28fac8cb-bec7-48c9-a688-5024cf318b8a",
      "updatedUserId": "28fac8cb-bec7-48c9-a688-5024cf318b8a"
    }
  ]
}