{
  "intents": [
    {
      "endUserOverrideName": "Jak zmodyfikować wysłaną wiadomość?",
      "triggerQueries": [
        "Chcę zmienić coś, co opublikowałem",
        "Jak edytować wiadomości?",
        "Czy mogę zmienić wysłaną wiadomość?",
        "Jak edytować wysłaną wiadomość?",
        "Edytowanie wysłanej wiadomości",
        "Jak zmodyfikować wysłaną wiadomość?"
      ],
      "dialogId": "new_topic_0191dd401c164414acfabdfe95df40d6",
      "isTriggeringEnabled": true,
      "id": "new_topic_0191dd401c164414acfabdfe95df40d6",
      "displayName": "Jak edytować wysłaną wiadomość?",
      "description": "",
      "createdTime": "2021-09-27T10:00:25.3852977Z",
      "updatedTime": "2021-10-20T15:32:09.3504348Z",
      "createdUserId": "28fac8cb-bec7-48c9-a688-5024cf318b8a",
      "updatedUserId": "28fac8cb-bec7-48c9-a688-5024cf318b8a"
    }
  ],
  "dialogs": [
    {
      "rootNodeId": "770c9e47-7560-4c4c-a485-61350920577c",
      "messageNodes": [
        {
          "botMessageId": "e8137921-e4c0-4e79-a4e6-c2a60086e283",
          "nodeType": "BotMessageNode",
          "id": "770c9e47-7560-4c4c-a485-61350920577c",
          "defaultTargetNodeId": "deb536dd-e493-498b-9bf5-205c38667297"
        },
        {
          "botMessageId": "b58ada29-5bba-40da-b611-dee8fd0b9ce7",
          "nodeType": "BotMessageNode",
          "id": "deb536dd-e493-498b-9bf5-205c38667297",
          "defaultTargetNodeId": "ad4d5be2-1895-4735-81c0-57ba96c2febf"
        },
        {
          "botMessageId": "9275955e-88e2-411b-b544-c7a79fe8ad73",
          "nodeType": "BotMessageNode",
          "id": "ad4d5be2-1895-4735-81c0-57ba96c2febf",
          "defaultTargetNodeId": "f0be9fe4-5a02-4693-8e55-20dda8780a46"
        }
      ],
      "dialogChangeNodes": [
        {
          "targetDialogId": "new_topic_d4ee79ce05584b519ee7d416fda7e2a3_aeabea4d071f415c8c107e1cb7af5424_assumedsuccess",
          "nodeType": "DialogChangeNode",
          "id": "f0be9fe4-5a02-4693-8e55-20dda8780a46"
        }
      ],
      "id": "new_topic_0191dd401c164414acfabdfe95df40d6",
      "displayName": "Dialog for Jak zmodyfikować wysłaną wiadomość?",
      "createdTime": "2021-09-27T10:00:25.3852977Z",
      "updatedTime": "2021-10-20T15:34:35.0357002Z",
      "createdUserId": "28fac8cb-bec7-48c9-a688-5024cf318b8a",
      "updatedUserId": "28fac8cb-bec7-48c9-a688-5024cf318b8a"
    }
  ],
  "botMessages": [
    {
      "channelContent": {
        "web": {
          "contentFormat": "Markdown",
          "content": "Możesz edytować wszystkie wiadomości wysłane na czat lub kanał."
        }
      },
      "id": "e8137921-e4c0-4e79-a4e6-c2a60086e283",
      "createdTime": "2021-09-27T10:00:25.3852977Z",
      "updatedTime": "2021-09-27T10:00:25.3852977Z",
      "createdUserId": "28fac8cb-bec7-48c9-a688-5024cf318b8a",
      "updatedUserId": "28fac8cb-bec7-48c9-a688-5024cf318b8a"
    },
    {
      "channelContent": {
        "web": {
          "contentFormat": "Markdown",
          "content": "Przejdź do wiadomości i wybierz pozycję **Więcej opcji** > **Edytuj**. Wprowadź zmiany w wiadomości, a następnie naciśnij klawisz Enter, aby zapisać aktualizację. Nie ma ograniczeń co do liczby zmian w wysłanej wiadomości."
        }
      },
      "id": "b58ada29-5bba-40da-b611-dee8fd0b9ce7",
      "createdTime": "2021-10-20T15:33:16.702Z",
      "updatedTime": "2021-10-20T15:33:16.702Z",
      "createdUserId": "user-0",
      "updatedUserId": "user-0"
    },
    {
      "channelContent": {
        "web": {
          "contentFormat": "Markdown",
          "content": "_**Uwaga:** Niektóre organizacje lub niektóre zespoły mogły wyłączyć tę opcję._"
        }
      },
      "id": "9275955e-88e2-411b-b544-c7a79fe8ad73",
      "createdTime": "2021-10-20T15:34:13.766Z",
      "updatedTime": "2021-10-20T15:34:13.766Z",
      "createdUserId": "user-0",
      "updatedUserId": "user-0"
    }
  ]
}