{
  "intents": [
    {
      "triggerQueries": [
        "Jak czatować bez zaproszenia jako gość?",
        "Jak czatować zewnętrznie bez zmiany środowiska?",
        "Jak pisać do osób spoza organizacji?",
        "Czat z osobami z zewnątrz",
        "Czat z użytkownikami zewnętrznymi?",
        "Czy mogę rozmawiać z osobami spoza mojej organizacji w usłudze Teams?",
        "Jak dotrzeć do zewnętrznych osób za pośrednictwem usługi Teams?",
        "mogę rozmawiać z użytkownikami zewnętrznymi w aplikacji Teams?",
        "Czy mogę prowadzić czat z zewnętrznymi użytkownikami?"
      ],
      "dialogId": "new_topic_0e9dee9af56c42c19bcfbcfdcf69e46e",
      "isTriggeringEnabled": true,
      "id": "new_topic_0e9dee9af56c42c19bcfbcfdcf69e46e",
      "displayName": "Czy mogę prowadzić czat z zewnętrznymi użytkownikami?",
      "description": "",
      "createdTime": "2021-09-27T10:26:53.1676202Z",
      "updatedTime": "2021-10-11T12:03:04.6051282Z",
      "createdUserId": "28fac8cb-bec7-48c9-a688-5024cf318b8a",
      "updatedUserId": "28fac8cb-bec7-48c9-a688-5024cf318b8a"
    }
  ],
  "dialogs": [
    {
      "rootNodeId": "7e6c2ef9-88f9-49c5-a728-fc96d72130ff",
      "messageNodes": [
        {
          "botMessageId": "41da055e-2dcf-4d2d-9fa9-167f05ce1b4c",
          "nodeType": "BotMessageNode",
          "id": "7e6c2ef9-88f9-49c5-a728-fc96d72130ff",
          "defaultTargetNodeId": "9cdb227f-0781-422c-8f3e-3d2f7b8d67ac"
        },
        {
          "botMessageId": "f52776a2-a095-4015-9307-b11afe8141b0",
          "nodeType": "BotMessageNode",
          "id": "9cdb227f-0781-422c-8f3e-3d2f7b8d67ac",
          "defaultTargetNodeId": "1b998bbf-9053-4233-97b3-f711f274266f"
        },
        {
          "botMessageId": "ea39c450-8bca-4c54-b446-f7c9862fdcaf",
          "nodeType": "BotMessageNode",
          "id": "1b998bbf-9053-4233-97b3-f711f274266f",
          "defaultTargetNodeId": "f071e29a-1e8e-46df-ac39-a6bc0c57b71f"
        }
      ],
      "dialogChangeNodes": [
        {
          "targetDialogId": "new_topic_d4ee79ce05584b519ee7d416fda7e2a3_aeabea4d071f415c8c107e1cb7af5424_assumedsuccess",
          "nodeType": "DialogChangeNode",
          "id": "f071e29a-1e8e-46df-ac39-a6bc0c57b71f"
        }
      ],
      "id": "new_topic_0e9dee9af56c42c19bcfbcfdcf69e46e",
      "displayName": "Dialog for Czy mogę prowadzić czat z zewnętrznymi użytkownikami?",
      "createdTime": "2021-09-27T10:26:53.1676202Z",
      "updatedTime": "2021-10-11T12:06:13.8331743Z",
      "createdUserId": "28fac8cb-bec7-48c9-a688-5024cf318b8a",
      "updatedUserId": "28fac8cb-bec7-48c9-a688-5024cf318b8a"
    }
  ],
  "botMessages": [
    {
      "channelContent": {
        "web": {
          "contentFormat": "Markdown",
          "content": "Jeśli musisz komunikować się i współpracować z osobami spoza organizacji, możesz użyć Microsoft Teams External Access (znanego również jako federacja), aby znaleźć, zadzwonić i porozmawiać z użytkownikami w innych organizacjach (np. contoso.com)."
        }
      },
      "id": "41da055e-2dcf-4d2d-9fa9-167f05ce1b4c",
      "createdTime": "2021-09-27T10:26:53.1676202Z",
      "updatedTime": "2021-09-27T10:26:53.1676202Z",
      "createdUserId": "28fac8cb-bec7-48c9-a688-5024cf318b8a",
      "updatedUserId": "28fac8cb-bec7-48c9-a688-5024cf318b8a"
    },
    {
      "channelContent": {
        "web": {
          "contentFormat": "Markdown",
          "content": "Możesz spróbować wpisać na pasku wyszukiwania Teams adres e-mail użytkownika zewnętrznego. Jeśli osoba pojawi się, wybierz jej adres i spróbuj porozmawiać."
        }
      },
      "id": "f52776a2-a095-4015-9307-b11afe8141b0",
      "createdTime": "2021-10-11T12:05:42.176Z",
      "updatedTime": "2021-10-11T12:05:42.176Z",
      "createdUserId": "user-0",
      "updatedUserId": "user-0"
    },
    {
      "channelContent": {
        "web": {
          "contentFormat": "Markdown",
          "content": "_**UWAGA!** Wymaga to włączenia_ _niektórych opcji_ _w_ _odpowiednich organizacjach:_\n\n[_Komunikowanie się z użytkownikami z innych organizacji w usłudze Microsoft Teams_](https://docs.microsoft.com/en-us/microsoftteams/communicate-with-users-from-other-organizations)"
        }
      },
      "id": "ea39c450-8bca-4c54-b446-f7c9862fdcaf",
      "createdTime": "2021-10-11T12:06:05.664Z",
      "updatedTime": "2021-10-11T12:06:05.664Z",
      "createdUserId": "user-0",
      "updatedUserId": "user-0"
    }
  ]
}