{
  "intents": [
    {
      "triggerQueries": [
        "Jak dołączyć do spotkania zespołu?",
        "Kiedy mogę dołączyć do spotkania?",
        "Czy mogę dołączyć do spotkania usługi Teams przed lub po jego rozpoczęciu?",
        "dołączanie do spotkania zespołu",
        "dołącz do spotkania",
        "Jak dołączyć do spotkania?",
        "Jak mogę dołączyć do moich spotkań?",
        "Spotkaj się teraz",
        "Rozpoczynanie szybkiego spotkania",
        "Dołączanie do spotkań ad hoc",
        "Jak dołączyć do spotkania w Teams?"
      ],
      "dialogId": "new_topic_a547c145218949c6af6bc613467acc66",
      "isTriggeringEnabled": true,
      "id": "new_topic_a547c145218949c6af6bc613467acc66",
      "displayName": "Jak dołączyć do spotkania w Teams?",
      "description": "",
      "createdTime": "2021-09-27T05:23:34.9814814Z",
      "updatedTime": "2021-10-20T09:49:56.2858444Z",
      "createdUserId": "28fac8cb-bec7-48c9-a688-5024cf318b8a",
      "updatedUserId": "28fac8cb-bec7-48c9-a688-5024cf318b8a"
    }
  ],
  "dialogs": [
    {
      "rootNodeId": "89b6a726-de15-4a4a-8f2e-42d5455a307f",
      "messageNodes": [
        {
          "botMessageId": "012bb206-57bc-46a2-a313-8e625f635f4a",
          "nodeType": "BotMessageNode",
          "id": "89b6a726-de15-4a4a-8f2e-42d5455a307f",
          "defaultTargetNodeId": "d04a4233-a22a-4daa-990a-322b3f736df2"
        },
        {
          "botMessageId": "1543f030-cc1e-4974-97c3-bd0fb2805a2c",
          "nodeType": "BotMessageNode",
          "id": "d04a4233-a22a-4daa-990a-322b3f736df2",
          "defaultTargetNodeId": "5dd3bc6c-ee9a-4794-bff1-460bdf889b5a"
        },
        {
          "botMessageId": "d37c4d25-f896-43de-b614-d6c16744f6b4",
          "nodeType": "BotMessageNode",
          "id": "5dd3bc6c-ee9a-4794-bff1-460bdf889b5a",
          "defaultTargetNodeId": "e372cb2c-0c1e-41c5-859f-8eeb40141463"
        }
      ],
      "dialogChangeNodes": [
        {
          "targetDialogId": "new_topic_d4ee79ce05584b519ee7d416fda7e2a3_aeabea4d071f415c8c107e1cb7af5424_assumedsuccess",
          "nodeType": "DialogChangeNode",
          "id": "e372cb2c-0c1e-41c5-859f-8eeb40141463"
        }
      ],
      "id": "new_topic_a547c145218949c6af6bc613467acc66",
      "displayName": "Dialog for Jak dołączyć do spotkania w Teams?",
      "createdTime": "2021-09-27T05:23:34.9814814Z",
      "updatedTime": "2021-10-20T10:21:17.6561874Z",
      "createdUserId": "28fac8cb-bec7-48c9-a688-5024cf318b8a",
      "updatedUserId": "28fac8cb-bec7-48c9-a688-5024cf318b8a"
    }
  ],
  "botMessages": [
    {
      "channelContent": {
        "web": {
          "contentFormat": "Markdown",
          "content": "[Możesz dołączyć do spotkania w dowolnym momencie.](https://support.microsoft.com/pl-pl/office/do%C5%82%C4%85cz-do-spotkania-w-aplikacji-teams-1613bb53-f3fa-431e-85a9-d6a91e3468c9) Kliknij link w zaproszeniu na spotkanie lub wybierz pozycję **Dołącz** bezpośrednio w aplikacji Teams."
        }
      },
      "id": "012bb206-57bc-46a2-a313-8e625f635f4a",
      "createdTime": "2021-09-27T05:23:34.9814814Z",
      "updatedTime": "2021-09-27T05:23:34.9814814Z",
      "createdUserId": "28fac8cb-bec7-48c9-a688-5024cf318b8a",
      "updatedUserId": "28fac8cb-bec7-48c9-a688-5024cf318b8a"
    },
    {
      "channelContent": {
        "web": {
          "contentFormat": "Markdown",
          "content": "Za pośrednictwem **kalendarza** w aplikacji Teams możesz przeglądać swój kalendarz i dołączać i/lub planować spotkania zespołów.\n\nMożna użyć również przycisku [**Dołącz teraz**](https://support.microsoft.com/pl-pl/office/rozpoczynanie-spotkania-b%C5%82yskawicznego-w-aplikacji-teams-ff95e53f-8231-4739-87fa-00b9723f4ef5)."
        }
      },
      "id": "1543f030-cc1e-4974-97c3-bd0fb2805a2c",
      "createdTime": "2021-10-20T10:18:14.122Z",
      "updatedTime": "2021-10-20T10:18:14.122Z",
      "createdUserId": "user-0",
      "updatedUserId": "user-0"
    },
    {
      "channelContent": {
        "web": {
          "contentFormat": "Markdown",
          "content": "_Jeśli twoja organizacja oferuje konferencje audio jako opcję, w zaproszeniu na spotkanie pojawi się dodatkowo numer telefonu._"
        }
      },
      "id": "d37c4d25-f896-43de-b614-d6c16744f6b4",
      "createdTime": "2021-10-20T10:18:51.401Z",
      "updatedTime": "2021-10-20T10:18:51.401Z",
      "createdUserId": "user-0",
      "updatedUserId": "user-0"
    }
  ]
}