<botcomponent_workflowset>
  <botcomponent_workflow botcomponentid.schemaname="new_topic_d4ee79ce05584b519ee7d416fda7e2a3_954135cafcd647eaae5999ad91fc08cf_talktoagent" workflowid.workflowid="8a84184f-8b5d-eb11-a812-000d3a9bb82a">
    <iscustomizable>1</iscustomizable>
  </botcomponent_workflow>
  <botcomponent_workflow botcomponentid.schemaname="new_topic_d4ee79ce05584b519ee7d416fda7e2a3_ba7b967c97ba4c39bca58a8bb6a72d59_conversationstart" workflowid.workflowid="c9579f47-cb2f-eb11-a813-000d3a98dbb4">
    <iscustomizable>1</iscustomizable>
  </botcomponent_workflow>
  <botcomponent_workflow botcomponentid.schemaname="new_topic_d7c16f7501e24d91ae3dc2af90386209" workflowid.workflowid="22036560-5e5e-eb11-a812-000d3a9bb82a">
    <iscustomizable>1</iscustomizable>
  </botcomponent_workflow>
</botcomponent_workflowset>