{
  "intents": [
    {
      "triggerQueries": [
        "Czy mogę używać znaków specjalnych jako nazwy kanału?",
        "Czy nazwy kanałów mogą zawierać znaki specjalne, czy tylko litery?",
        "ikony lub kształty w nazwie kanału",
        "Emotikony w nazwach kanałów",
        "Jakie znaki są dozwolone w nazwach kanałów",
        "znaki specjalne w nazwie kanału",
        "Czy są jakieś ograniczenia dotyczące nazw kanałów?",
        "Dodawanie emoji lub ikon do nazwy kanału",
        "Czy mogę użyć znaków specjalnych w nazwach kanału?"
      ],
      "dialogId": "new_topic_f377a0d974d44048ad966c1763a02bdc",
      "isTriggeringEnabled": true,
      "id": "new_topic_f377a0d974d44048ad966c1763a02bdc",
      "displayName": "Czy mogę użyć znaków specjalnych w nazwach kanału?",
      "description": "",
      "createdTime": "2021-09-27T10:02:54.4450667Z",
      "updatedTime": "2021-10-15T12:39:53.7591837Z",
      "createdUserId": "28fac8cb-bec7-48c9-a688-5024cf318b8a",
      "updatedUserId": "28fac8cb-bec7-48c9-a688-5024cf318b8a"
    }
  ],
  "dialogs": [
    {
      "rootNodeId": "0cb1d3c9-372e-4cbd-a5a1-895b8ab467c2",
      "messageNodes": [
        {
          "botMessageId": "1372c984-f013-45e8-9ea2-23b165d57d72",
          "nodeType": "BotMessageNode",
          "id": "0cb1d3c9-372e-4cbd-a5a1-895b8ab467c2",
          "defaultTargetNodeId": "189b88cd-28ae-4600-b057-46386520e7e8"
        },
        {
          "botMessageId": "3074951a-6a62-49d7-9ef1-82fa1e5955ad",
          "nodeType": "BotMessageNode",
          "id": "189b88cd-28ae-4600-b057-46386520e7e8",
          "defaultTargetNodeId": "05303901-50f7-4b85-a3f9-7da0f3a6bfd3"
        },
        {
          "botMessageId": "42a0557d-6908-4db7-83bb-c29e540b6637",
          "nodeType": "BotMessageNode",
          "id": "05303901-50f7-4b85-a3f9-7da0f3a6bfd3",
          "defaultTargetNodeId": "9971d4dc-cd26-4d82-84de-d825f9f8c46d"
        }
      ],
      "dialogChangeNodes": [
        {
          "targetDialogId": "new_topic_d4ee79ce05584b519ee7d416fda7e2a3_aeabea4d071f415c8c107e1cb7af5424_assumedsuccess",
          "nodeType": "DialogChangeNode",
          "id": "9971d4dc-cd26-4d82-84de-d825f9f8c46d"
        }
      ],
      "id": "new_topic_f377a0d974d44048ad966c1763a02bdc",
      "displayName": "Dialog for Czy mogę użyć znaków specjalnych w nazwach kanału?",
      "createdTime": "2021-09-27T10:02:54.4450667Z",
      "updatedTime": "2021-10-15T12:41:37.5771717Z",
      "createdUserId": "28fac8cb-bec7-48c9-a688-5024cf318b8a",
      "updatedUserId": "28fac8cb-bec7-48c9-a688-5024cf318b8a"
    }
  ],
  "botMessages": [
    {
      "channelContent": {
        "web": {
          "contentFormat": "Markdown",
          "content": "Nazwa kanału musi zaczynać się od litery. Następnie można edytować nazwę i dodać ikonę w celu zwiększenia zrozumienia ✅"
        }
      },
      "id": "1372c984-f013-45e8-9ea2-23b165d57d72",
      "createdTime": "2021-09-27T10:02:54.4450667Z",
      "updatedTime": "2021-09-27T10:02:54.4450667Z",
      "createdUserId": "28fac8cb-bec7-48c9-a688-5024cf318b8a",
      "updatedUserId": "28fac8cb-bec7-48c9-a688-5024cf318b8a"
    },
    {
      "channelContent": {
        "web": {
          "contentFormat": "Markdown",
          "content": "Jednakże nazwy kanałów nie mogą zawierać następujących znaków lub słów:\n\n**Znaki:** ~ # % & \\* {{ }} + / \\\\ : < > ? |' ' .\n\n**Słowa:** Forms, CON, CONIN$, CONOUT$, PRN, AUX, NUL, COM1 do COM9, LPT1 do LPT9, desktop.ini, \\_vti\\_"
        }
      },
      "id": "3074951a-6a62-49d7-9ef1-82fa1e5955ad",
      "createdTime": "2021-10-15T12:40:34.839Z",
      "updatedTime": "2021-10-15T12:40:34.839Z",
      "createdUserId": "user-0",
      "updatedUserId": "user-0"
    },
    {
      "channelContent": {
        "web": {
          "contentFormat": "Markdown",
          "content": "**Uwaga:**\n\nNazwy kanałów nie mogą zaczynać się od podkreślenia (\\_) lub kropki (.), ani kończyć kropką(.)."
        }
      },
      "id": "42a0557d-6908-4db7-83bb-c29e540b6637",
      "createdTime": "2021-10-15T12:41:29.533Z",
      "updatedTime": "2021-10-15T12:41:29.533Z",
      "createdUserId": "user-0",
      "updatedUserId": "user-0"
    }
  ]
}