{
  "intents": [
    {
      "triggerQueries": [
        "Co to są aplikacje w usłudze Teams i dlaczego warto z nich korzystać?",
        "Używanie aplikacji w Microsoft Teams",
        "Sklep z aplikacjami Teams",
        "Jak działają aplikacje w zespołach?",
        "Aplikacje w zespołach, jak to działa?",
        "Chcę dowiedzieć się więcej o aplikacjach dostępnych w Teams",
        "Korzystanie z aplikacji w aplikacji Teams",
        "Czym są aplikacje w Teams?"
      ],
      "dialogId": "new_topic_25a1fa8d4dac4b0daf68a4cebb3f188e",
      "isTriggeringEnabled": true,
      "id": "new_topic_25a1fa8d4dac4b0daf68a4cebb3f188e",
      "displayName": "Czym są aplikacje w Teams i czemu z nich korzystać?",
      "description": "",
      "createdTime": "2021-09-26T17:20:33.9975821Z",
      "updatedTime": "2021-10-21T13:19:05.5986374Z",
      "createdUserId": "28fac8cb-bec7-48c9-a688-5024cf318b8a",
      "updatedUserId": "28fac8cb-bec7-48c9-a688-5024cf318b8a"
    }
  ],
  "dialogs": [
    {
      "rootNodeId": "d2412f91-152d-472c-a8d2-bdc5a12d2c14",
      "messageNodes": [
        {
          "botMessageId": "419ab015-cede-4478-875f-0422f8f3dfc6",
          "nodeType": "BotMessageNode",
          "id": "d2412f91-152d-472c-a8d2-bdc5a12d2c14",
          "defaultTargetNodeId": "1238f8bc-a134-4e64-947d-4e7305690d07"
        },
        {
          "botMessageId": "15a35df0-ae53-4d1a-84c4-94caf3443499",
          "nodeType": "BotMessageNode",
          "id": "1238f8bc-a134-4e64-947d-4e7305690d07",
          "defaultTargetNodeId": "48ddf5dd-941a-457f-b75e-c844032f019e"
        },
        {
          "botMessageId": "fd0aba1c-6c3a-4284-8828-760cf3e259e5",
          "nodeType": "BotMessageNode",
          "id": "48ddf5dd-941a-457f-b75e-c844032f019e",
          "defaultTargetNodeId": "f37b7901-8cde-4885-8175-e057a564d8a6"
        },
        {
          "botMessageId": "894909fe-8cb7-4846-b45e-75206a647198",
          "nodeType": "BotMessageNode",
          "id": "f37b7901-8cde-4885-8175-e057a564d8a6",
          "defaultTargetNodeId": "a43bd218-8c90-4627-8ea6-66283fd97184"
        },
        {
          "botMessageId": "63ed6c9d-9990-4335-a08c-1fe9b378d280",
          "nodeType": "BotMessageNode",
          "id": "a43bd218-8c90-4627-8ea6-66283fd97184",
          "defaultTargetNodeId": "942aaf02-ba42-4a94-bb99-70def51a307f"
        },
        {
          "botMessageId": "e652c59d-7f6f-4be6-a8f8-0125be26f859",
          "nodeType": "BotMessageNode",
          "id": "942aaf02-ba42-4a94-bb99-70def51a307f",
          "defaultTargetNodeId": "8001ad13-6e1f-424a-ad5a-a6e48ac68e22"
        }
      ],
      "dialogChangeNodes": [
        {
          "targetDialogId": "new_topic_d4ee79ce05584b519ee7d416fda7e2a3_aeabea4d071f415c8c107e1cb7af5424_assumedsuccess",
          "nodeType": "DialogChangeNode",
          "id": "8001ad13-6e1f-424a-ad5a-a6e48ac68e22"
        }
      ],
      "id": "new_topic_25a1fa8d4dac4b0daf68a4cebb3f188e",
      "displayName": "Dialog for Czym są aplikacje w Teams i czemu z nich korzystać?",
      "createdTime": "2021-09-26T17:20:33.9975821Z",
      "updatedTime": "2021-10-21T13:21:16.4978202Z",
      "createdUserId": "28fac8cb-bec7-48c9-a688-5024cf318b8a",
      "updatedUserId": "28fac8cb-bec7-48c9-a688-5024cf318b8a"
    }
  ],
  "botMessages": [
    {
      "channelContent": {
        "web": {
          "contentFormat": "Markdown",
          "content": "Aplikacje ułatwiają znajdowanie treści z ulubionych usług i udostępnianie ich bezpośrednio w aplikacji Teams. Oto jak to zrobić:"
        }
      },
      "id": "419ab015-cede-4478-875f-0422f8f3dfc6",
      "createdTime": "2021-09-26T17:20:33.9975821Z",
      "updatedTime": "2021-09-26T17:20:33.9975821Z",
      "createdUserId": "28fac8cb-bec7-48c9-a688-5024cf318b8a",
      "updatedUserId": "28fac8cb-bec7-48c9-a688-5024cf318b8a"
    },
    {
      "channelContent": {
        "web": {
          "contentFormat": "Markdown",
          "content": "**Czat z botem**\n\nBoty zapewniają odpowiedzi, aktualizacje i pomoc w kanale. Możesz z nimi porozmawiać, aby uzyskać pomoc w zarządzaniu zadaniami, planowaniu i nie tylko."
        }
      },
      "id": "15a35df0-ae53-4d1a-84c4-94caf3443499",
      "createdTime": "2021-09-26T17:21:38.762Z",
      "updatedTime": "2021-09-26T17:21:38.762Z",
      "createdUserId": "user-0",
      "updatedUserId": "user-0"
    },
    {
      "channelContent": {
        "web": {
          "contentFormat": "Markdown",
          "content": "**Udostępnianie zawartości na karcie**\n\nKarty ułatwiają udostępnianie zawartości i funkcji z usługi w kanale. Połącz się z wybranymi usługami, takimi jak Excel, SharePoint, Zendesk lub wybraną witryną sieci Web."
        }
      },
      "id": "fd0aba1c-6c3a-4284-8828-760cf3e259e5",
      "createdTime": "2021-09-26T17:21:47.555Z",
      "updatedTime": "2021-09-26T17:21:47.555Z",
      "createdUserId": "user-0",
      "updatedUserId": "user-0"
    },
    {
      "channelContent": {
        "web": {
          "contentFormat": "Markdown",
          "content": "**Pobierz aktualizacje z łącznika**\n\nŁączniki wysyłają aktualizacje i informacje bezpośrednio do kanału. Uzyskaj automatyczne aktualizacje z usług takich jak Twitter, kanały RSS i GitHub."
        }
      },
      "id": "894909fe-8cb7-4846-b45e-75206a647198",
      "createdTime": "2021-09-26T17:22:25.574Z",
      "updatedTime": "2021-09-26T17:22:25.574Z",
      "createdUserId": "user-0",
      "updatedUserId": "user-0"
    },
    {
      "channelContent": {
        "web": {
          "contentFormat": "Markdown",
          "content": "**Dodawanie zawartości rozszerzonej do wiadomości**\n\nTe aplikacje znajdują zawartość z różnych usług i wysyłają ją bezpośrednio do wiadomości. Możesz udostępniać takie rzeczy, jak prognozy pogody, codzienne wiadomości, obrazy i filmy z kimkolwiek, z kim rozmawiasz."
        }
      },
      "id": "63ed6c9d-9990-4335-a08c-1fe9b378d280",
      "createdTime": "2021-09-26T17:22:37.056Z",
      "updatedTime": "2021-09-26T17:22:37.056Z",
      "createdUserId": "user-0",
      "updatedUserId": "user-0"
    },
    {
      "channelContent": {
        "web": {
          "contentFormat": "Markdown",
          "content": "**Pobierz lub utwórz aplikację**\n\nPrzejdź do Sklepu, aby [dodać bota, kartę, łącznik lub aplikację](https://support.microsoft.com/pl-pl/office/dodawanie-aplikacji-do-microsoft-teams-b2217706-f7ed-4e64-8e96-c413afd02f77?ui=pl-PL&rs=pl-PL&ad=PL) do obsługi wiadomości do aplikacji Teams. Jeśli jesteś zainteresowany, możesz nawet [zbudować własną aplikację.](https://aka.ms/microsoftteamsplatform)"
        }
      },
      "id": "e652c59d-7f6f-4be6-a8f8-0125be26f859",
      "createdTime": "2021-10-21T13:20:47.696Z",
      "updatedTime": "2021-10-21T13:20:47.696Z",
      "createdUserId": "user-0",
      "updatedUserId": "user-0"
    }
  ]
}