{
  "intents": [
    {
      "triggerQueries": [
        "Licencje Microsoft Teams",
        "Czy do korzystania z usługi Teams potrzebna jest licencja?",
        "Czy istnieją bezpłatne wersje aplikacji Teams?",
        "Czy Teams jest dostępna do użytku osobistego?",
        "Czy uczniowie mogą korzystać z Teams?",
        "Co jest wymagane, aby uzyskać dostęp do Teams?",
        "Jaką licencje zawierają usługę Teams?",
        "Czy mogę mieć różne licencje na usługi Teams?",
        "Jakiej licencji potrzeba dla usługi Teams?",
        "Kto może korzystać z Microsoft Teams"
      ],
      "dialogId": "new_topic_f1c8fd14fd8b4007a2ed9b7f9bb2c4b5",
      "isTriggeringEnabled": true,
      "id": "new_topic_f1c8fd14fd8b4007a2ed9b7f9bb2c4b5",
      "displayName": "Kto może korzystać z Microsoft Teams",
      "description": "",
      "createdTime": "2021-09-26T10:30:23.585495Z",
      "updatedTime": "2021-10-21T13:07:56.9749584Z",
      "createdUserId": "28fac8cb-bec7-48c9-a688-5024cf318b8a",
      "updatedUserId": "28fac8cb-bec7-48c9-a688-5024cf318b8a"
    }
  ],
  "dialogs": [
    {
      "rootNodeId": "4b5572b1-1afd-4970-aaa7-893d3ff5ace3",
      "messageNodes": [
        {
          "botMessageId": "e5f959bb-927c-4ed7-bb91-69592da758ff",
          "nodeType": "BotMessageNode",
          "id": "4b5572b1-1afd-4970-aaa7-893d3ff5ace3",
          "defaultTargetNodeId": "15657bc9-21ff-4a2c-9583-19ec2168fe45"
        },
        {
          "botMessageId": "9cad6497-6e82-4e6c-9a11-13eeff05a9c3",
          "nodeType": "BotMessageNode",
          "id": "15657bc9-21ff-4a2c-9583-19ec2168fe45",
          "defaultTargetNodeId": "f034f014-523c-45cc-8095-5c76c82f94ea"
        },
        {
          "botMessageId": "b6f4f9c3-86fb-4ea5-b8cc-0295c2b724d6",
          "nodeType": "BotMessageNode",
          "id": "f034f014-523c-45cc-8095-5c76c82f94ea",
          "defaultTargetNodeId": "a07308b3-54d2-498a-a456-f73848d3ffd7"
        }
      ],
      "dialogChangeNodes": [
        {
          "targetDialogId": "new_topic_d4ee79ce05584b519ee7d416fda7e2a3_aeabea4d071f415c8c107e1cb7af5424_assumedsuccess",
          "nodeType": "DialogChangeNode",
          "id": "a07308b3-54d2-498a-a456-f73848d3ffd7"
        }
      ],
      "id": "new_topic_f1c8fd14fd8b4007a2ed9b7f9bb2c4b5",
      "displayName": "Dialog for Kto może korzystać z Microsoft Teams",
      "createdTime": "2021-09-26T10:30:23.585495Z",
      "updatedTime": "2021-10-21T13:15:31.9001119Z",
      "createdUserId": "28fac8cb-bec7-48c9-a688-5024cf318b8a",
      "updatedUserId": "28fac8cb-bec7-48c9-a688-5024cf318b8a"
    }
  ],
  "botMessages": [
    {
      "channelContent": {
        "web": {
          "contentFormat": "Markdown",
          "content": "Teams jest częścią pakietu Microsoft 365, dlatego też wymaga odpowiedniej licencji."
        }
      },
      "id": "e5f959bb-927c-4ed7-bb91-69592da758ff",
      "createdTime": "2021-09-26T10:30:23.585495Z",
      "updatedTime": "2021-09-26T10:30:23.585495Z",
      "createdUserId": "28fac8cb-bec7-48c9-a688-5024cf318b8a",
      "updatedUserId": "28fac8cb-bec7-48c9-a688-5024cf318b8a"
    },
    {
      "channelContent": {
        "web": {
          "contentFormat": "Markdown",
          "content": "Twoje konto użytkownika musi posiadać przypisaną jedną z następujących licencji\n\n*   Business Basic lub Business Standard\n*   Enterprise F1, F3, E1, E3 lub E5, A1, A3 lub A5 dla instytucji edukacyjnych\n\nDowiedz się jak uzyskać dostęp do aplikacji [Teams](https://support.microsoft.com/pl-pl/office/jak-pobra%c4%87-aplikacj%c4%99-microsoft-teams-fc7f1634-abd3-4f26-a597-9df16e4ca65b)."
        }
      },
      "id": "9cad6497-6e82-4e6c-9a11-13eeff05a9c3",
      "createdTime": "2021-10-21T13:08:39.467Z",
      "updatedTime": "2021-10-21T13:08:39.467Z",
      "createdUserId": "user-0",
      "updatedUserId": "user-0"
    },
    {
      "channelContent": {
        "web": {
          "contentFormat": "Markdown",
          "content": "*   Do prywatnego użytku skorzystaj z [Teams for home](https://www.microsoft.com/pl-pl/microsoft-teams/teams-for-home?owtgt=106744-c)\n*   Jest również [bezpłatna wersja Teams](https://www.microsoft.com/pl-pl/microsoft-teams/free)\n*   Edukacja i organizacje non-profit [mogą również korzystać z Teams bezpłatnie](https://www.microsoft.com/pl-pl/microsoft-teams/free)"
        }
      },
      "id": "b6f4f9c3-86fb-4ea5-b8cc-0295c2b724d6",
      "createdTime": "2021-10-21T13:10:21.281Z",
      "updatedTime": "2021-10-21T13:10:21.281Z",
      "createdUserId": "user-0",
      "updatedUserId": "user-0"
    }
  ]
}