{
  "intents": [
    {
      "triggerQueries": [
        "Maksymalna długość telefonicznej rozmowy konferencyjnej (spotkanie audiokonferencyjne)?",
        "Maksymalna długość telekonferencji?",
        "Jak długo można rozmawiać podczas połączenia konferencyjnego?",
        "Jak długo trwa telekonferencja?",
        "Jak długo może trwać połączenie konferencyjne?",
        "Jaka jest maksymalna długość spotkań telekonferencyjnych?",
        "Jak długa może być telekonferencja?"
      ],
      "dialogId": "new_topic_c48d02c971e14908b717f7d253ceb50b",
      "isTriggeringEnabled": true,
      "id": "new_topic_c48d02c971e14908b717f7d253ceb50b",
      "displayName": "Jak długa może być telekonferencja?",
      "description": "",
      "createdTime": "2021-09-26T18:20:27.2731566Z",
      "updatedTime": "2021-10-24T18:27:07.9747247Z",
      "createdUserId": "28fac8cb-bec7-48c9-a688-5024cf318b8a",
      "updatedUserId": "28fac8cb-bec7-48c9-a688-5024cf318b8a"
    }
  ],
  "dialogs": [
    {
      "rootNodeId": "2e9f5cfb-9943-41fc-ba28-64562c52bbe9",
      "messageNodes": [
        {
          "botMessageId": "57406a4e-e294-4819-876d-6d5e3ce27560",
          "nodeType": "BotMessageNode",
          "id": "2e9f5cfb-9943-41fc-ba28-64562c52bbe9",
          "defaultTargetNodeId": "5e3580c4-ca0a-4ba9-9192-b7c76729f162"
        }
      ],
      "dialogChangeNodes": [
        {
          "targetDialogId": "new_topic_d4ee79ce05584b519ee7d416fda7e2a3_aeabea4d071f415c8c107e1cb7af5424_assumedsuccess",
          "nodeType": "DialogChangeNode",
          "id": "5e3580c4-ca0a-4ba9-9192-b7c76729f162"
        }
      ],
      "id": "new_topic_c48d02c971e14908b717f7d253ceb50b",
      "displayName": "Dialog for Jak długa może być telekonferencja?",
      "createdTime": "2021-09-26T18:20:27.2731566Z",
      "updatedTime": "2021-09-26T18:21:27.2028267Z",
      "createdUserId": "28fac8cb-bec7-48c9-a688-5024cf318b8a",
      "updatedUserId": "28fac8cb-bec7-48c9-a688-5024cf318b8a"
    }
  ],
  "botMessages": [
    {
      "channelContent": {
        "web": {
          "contentFormat": "Markdown",
          "content": "Telekonferencja kończy się po 24 godzinach."
        }
      },
      "id": "57406a4e-e294-4819-876d-6d5e3ce27560",
      "createdTime": "2021-09-26T18:20:27.2731566Z",
      "updatedTime": "2021-09-26T18:20:27.2731566Z",
      "createdUserId": "28fac8cb-bec7-48c9-a688-5024cf318b8a",
      "updatedUserId": "28fac8cb-bec7-48c9-a688-5024cf318b8a"
    }
  ]
}