{
  "intents": [
    {
      "triggerQueries": [
        "Dołączania do spotkania Teams z telefonu",
        "Jak dołączyć do spotkania w Teams z mojego telefonu?"
      ],
      "dialogId": "new_topic_d1440bd79d3b458b9bc5ec3cc45bb2e4",
      "isTriggeringEnabled": true,
      "id": "new_topic_d1440bd79d3b458b9bc5ec3cc45bb2e4",
      "displayName": "Jak dołączyć do spotkania w Teams z mojego telefonu?",
      "description": "",
      "createdTime": "2021-09-27T05:24:38.3265798Z",
      "updatedTime": "2021-10-15T13:01:06.9905124Z",
      "createdUserId": "28fac8cb-bec7-48c9-a688-5024cf318b8a",
      "updatedUserId": "28fac8cb-bec7-48c9-a688-5024cf318b8a"
    }
  ],
  "dialogs": [
    {
      "rootNodeId": "2a9d03a3-f2db-4cbd-aa0a-98c99a873f8d",
      "messageNodes": [
        {
          "botMessageId": "9a43f80e-7e88-412a-9527-8cef883759ce",
          "nodeType": "BotMessageNode",
          "id": "2a9d03a3-f2db-4cbd-aa0a-98c99a873f8d",
          "defaultTargetNodeId": "bd713288-c1d3-42b4-91b2-809391b34e08"
        }
      ],
      "dialogChangeNodes": [
        {
          "targetDialogId": "new_topic_d4ee79ce05584b519ee7d416fda7e2a3_aeabea4d071f415c8c107e1cb7af5424_assumedsuccess",
          "nodeType": "DialogChangeNode",
          "id": "bd713288-c1d3-42b4-91b2-809391b34e08"
        }
      ],
      "id": "new_topic_d1440bd79d3b458b9bc5ec3cc45bb2e4",
      "displayName": "Dialog for Jak dołączyć do spotkania w Teams z mojego telefonu?",
      "createdTime": "2021-09-27T05:24:38.3265798Z",
      "updatedTime": "2021-09-27T05:25:04.9730944Z",
      "createdUserId": "28fac8cb-bec7-48c9-a688-5024cf318b8a",
      "updatedUserId": "28fac8cb-bec7-48c9-a688-5024cf318b8a"
    }
  ],
  "botMessages": [
    {
      "channelContent": {
        "web": {
          "contentFormat": "Markdown",
          "content": "Na urządzeniu mobilnym otwórz aplikację Teams i naciśnij pozycję Kalendarz. Następnie kliknij przycisk **Dołącz** dla żądanego spotkania. [Zobacz ten link, aby uzyskać więcej opcji](https://support.microsoft.com/pl-pl/office/do%C5%82%C4%85cz-do-spotkania-w-aplikacji-teams-1613bb53-f3fa-431e-85a9-d6a91e3468c9)"
        }
      },
      "id": "9a43f80e-7e88-412a-9527-8cef883759ce",
      "createdTime": "2021-09-27T05:24:38.3265798Z",
      "updatedTime": "2021-09-27T05:24:38.3265798Z",
      "createdUserId": "28fac8cb-bec7-48c9-a688-5024cf318b8a",
      "updatedUserId": "28fac8cb-bec7-48c9-a688-5024cf318b8a"
    }
  ]
}