{
  "intents": [
    {
      "triggerQueries": [
        "Kto jest członkiem zespołu?",
        "Co to znaczy być członkiem zespołu?",
        "Kto jest uważany za członka zespołu?",
        "Kim są członkowie zespołu?"
      ],
      "dialogId": "new_topic_28a3a7fd632a44ae9529beaf1f80dcf8",
      "isTriggeringEnabled": true,
      "id": "new_topic_28a3a7fd632a44ae9529beaf1f80dcf8",
      "displayName": "Kim są członkowie zespołu?",
      "description": "",
      "createdTime": "2021-09-26T17:39:40.6014278Z",
      "updatedTime": "2021-10-21T12:49:01.5632663Z",
      "createdUserId": "28fac8cb-bec7-48c9-a688-5024cf318b8a",
      "updatedUserId": "28fac8cb-bec7-48c9-a688-5024cf318b8a"
    }
  ],
  "dialogs": [
    {
      "rootNodeId": "e595be00-3407-4eaa-8c06-360cc754f812",
      "messageNodes": [
        {
          "botMessageId": "26442e0a-e6f6-4328-ba23-4b952e658019",
          "nodeType": "BotMessageNode",
          "id": "e595be00-3407-4eaa-8c06-360cc754f812",
          "defaultTargetNodeId": "b99273d3-3fb9-48d8-896b-0d0c1e7973ea"
        }
      ],
      "dialogChangeNodes": [
        {
          "targetDialogId": "new_topic_d4ee79ce05584b519ee7d416fda7e2a3_aeabea4d071f415c8c107e1cb7af5424_assumedsuccess",
          "nodeType": "DialogChangeNode",
          "id": "b99273d3-3fb9-48d8-896b-0d0c1e7973ea"
        }
      ],
      "id": "new_topic_28a3a7fd632a44ae9529beaf1f80dcf8",
      "displayName": "Dialog for Kim są członkowie zespołu?",
      "createdTime": "2021-09-26T17:39:40.6014278Z",
      "updatedTime": "2021-09-26T17:40:14.9722463Z",
      "createdUserId": "28fac8cb-bec7-48c9-a688-5024cf318b8a",
      "updatedUserId": "28fac8cb-bec7-48c9-a688-5024cf318b8a"
    }
  ],
  "botMessages": [
    {
      "channelContent": {
        "web": {
          "contentFormat": "Markdown",
          "content": "Członek zespołu to osoba, którą właściciel zespołu zaprasza do dołączenia do swojego zespołu. Członkiem zespołu może być również gość."
        }
      },
      "id": "26442e0a-e6f6-4328-ba23-4b952e658019",
      "createdTime": "2021-09-26T17:39:40.6014278Z",
      "updatedTime": "2021-09-26T17:39:40.6014278Z",
      "createdUserId": "28fac8cb-bec7-48c9-a688-5024cf318b8a",
      "updatedUserId": "28fac8cb-bec7-48c9-a688-5024cf318b8a"
    }
  ]
}