{
  "intents": [
    {
      "triggerQueries": [
        "Które polecenia konsoli wybierania numerów podczas spotkania są obsługiwane?",
        "obsługa szybkiego wybierania telefonu",
        "Jakie polecenia klawiatury podczas spotkania są obsługiwane?",
        "polecenia konsoli wybierania numerów",
        "Jakie opcje dostępne są dla użytkowników wdzwaniających się na telekonferencję?"
      ],
      "dialogId": "new_topic_ef990413a34b454985c7ece636370fac",
      "isTriggeringEnabled": true,
      "id": "new_topic_ef990413a34b454985c7ece636370fac",
      "displayName": "Jakie opcje dostępne są dla użytkowników wdzwaniających się na telekonferencję?",
      "description": "",
      "createdTime": "2021-09-26T18:45:15.9567235Z",
      "updatedTime": "2021-10-24T20:02:07.9826001Z",
      "createdUserId": "28fac8cb-bec7-48c9-a688-5024cf318b8a",
      "updatedUserId": "28fac8cb-bec7-48c9-a688-5024cf318b8a"
    }
  ],
  "dialogs": [
    {
      "rootNodeId": "66bac4e7-71ad-44c1-87ff-94b60f082c04",
      "messageNodes": [
        {
          "botMessageId": "23b89743-04fb-4df6-8380-5fb8f18c2636",
          "nodeType": "BotMessageNode",
          "id": "66bac4e7-71ad-44c1-87ff-94b60f082c04",
          "defaultTargetNodeId": "f427eb18-1881-47e4-af0a-a557e3feb23d"
        }
      ],
      "dialogChangeNodes": [
        {
          "targetDialogId": "new_topic_d4ee79ce05584b519ee7d416fda7e2a3_aeabea4d071f415c8c107e1cb7af5424_assumedsuccess",
          "nodeType": "DialogChangeNode",
          "id": "f427eb18-1881-47e4-af0a-a557e3feb23d"
        }
      ],
      "id": "new_topic_ef990413a34b454985c7ece636370fac",
      "displayName": "Dialog for Jakie opcje dostępne są dla użytkowników wdzwaniających się na telekonferencję?",
      "createdTime": "2021-09-26T18:45:15.9567235Z",
      "updatedTime": "2021-09-26T18:45:54.4507091Z",
      "createdUserId": "28fac8cb-bec7-48c9-a688-5024cf318b8a",
      "updatedUserId": "28fac8cb-bec7-48c9-a688-5024cf318b8a"
    }
  ],
  "botMessages": [
    {
      "channelContent": {
        "web": {
          "contentFormat": "Markdown",
          "content": "\\*6 (Wyciszenie/Odłączenie wyciszenia)\n\n\\*1 (Odtwarzanie dostępnych opisów poleceń klawiatury)Czy uczestnicy telekonferencji mogą wdzwaniać się na międzynarodowe numery telefonów?\n\nTak, uczestnicy mogą wybierać numery na całym świecie i zapraszać innych rozmówców na spotkanie usługi Microsoft Teams. Zobacz: \n\n[Wybieranie numeru ze spotkania usługi Microsoft Teams, aby inne osoby mogły do niego dołączyć](https://docs.microsoft.com/pl-PL/microsoftteams/dialing-out-from-a-teams-meeting-so-other-people-can-join-it)."
        }
      },
      "id": "23b89743-04fb-4df6-8380-5fb8f18c2636",
      "createdTime": "2021-09-26T18:45:15.9567235Z",
      "updatedTime": "2021-09-26T18:45:15.9567235Z",
      "createdUserId": "28fac8cb-bec7-48c9-a688-5024cf318b8a",
      "updatedUserId": "28fac8cb-bec7-48c9-a688-5024cf318b8a"
    }
  ]
}