{
  "intents": [
    {
      "triggerQueries": [
        "W jaki sposób użytkownik uzyskuje dostęp do identyfikatora konferencji lub go zmienia?",
        "zmień identyfikator konferencji",
        "Zmienianie identyfikatora konferencji",
        "W jaki sposób użytkownik zmienia lub ustawia swój identyfikator konferencji?",
        "W jaki sposób użytkownik może uzyskać lub zmienić kod konferencji (conference ID)?"
      ],
      "dialogId": "new_topic_a15526e935384e2fa801b0e3f095ed47",
      "isTriggeringEnabled": true,
      "id": "new_topic_a15526e935384e2fa801b0e3f095ed47",
      "displayName": "W jaki sposób użytkownik może uzyskać lub zmienić kod conference ID?",
      "description": "",
      "createdTime": "2021-09-26T18:42:31.1404238Z",
      "updatedTime": "2021-10-24T20:21:34.7730661Z",
      "createdUserId": "28fac8cb-bec7-48c9-a688-5024cf318b8a",
      "updatedUserId": "28fac8cb-bec7-48c9-a688-5024cf318b8a"
    }
  ],
  "dialogs": [
    {
      "rootNodeId": "11cace1c-1810-418b-98be-474556f25309",
      "messageNodes": [
        {
          "botMessageId": "348e9400-7317-4b28-af4f-abf860c76ec5",
          "nodeType": "BotMessageNode",
          "id": "11cace1c-1810-418b-98be-474556f25309",
          "defaultTargetNodeId": "a2fd6ebc-0bba-4a27-97cb-f4c18fc2d47f"
        },
        {
          "botMessageId": "f0f192c7-a2e7-42d3-b644-040d9fc1a8e6",
          "nodeType": "BotMessageNode",
          "id": "a2fd6ebc-0bba-4a27-97cb-f4c18fc2d47f",
          "defaultTargetNodeId": "33f256aa-a6a8-4465-a763-145f97693f93"
        }
      ],
      "dialogChangeNodes": [
        {
          "targetDialogId": "new_topic_d4ee79ce05584b519ee7d416fda7e2a3_aeabea4d071f415c8c107e1cb7af5424_assumedsuccess",
          "nodeType": "DialogChangeNode",
          "id": "33f256aa-a6a8-4465-a763-145f97693f93"
        }
      ],
      "id": "new_topic_a15526e935384e2fa801b0e3f095ed47",
      "displayName": "Dialog for W jaki sposób użytkownik może uzyskać lub zmienić kod conference ID?",
      "createdTime": "2021-09-26T18:42:31.1404238Z",
      "updatedTime": "2021-10-24T20:23:10.6023329Z",
      "createdUserId": "28fac8cb-bec7-48c9-a688-5024cf318b8a",
      "updatedUserId": "28fac8cb-bec7-48c9-a688-5024cf318b8a"
    }
  ],
  "botMessages": [
    {
      "channelContent": {
        "web": {
          "contentFormat": "Markdown",
          "content": "Użytkownik usługi Microsoft Teams może znaleźć przypisany do niego identyfikator konferencji, planując spotkanie w programach Teams, Outlook lub Outlook w sieci Web. Użytkownicy mogą również znaleźć identyfikator konferencji w wiadomości e-mail, która zostanie wysłana do nich podczas rezerwacji spotkania."
        }
      },
      "id": "348e9400-7317-4b28-af4f-abf860c76ec5",
      "createdTime": "2021-09-26T18:42:31.1404238Z",
      "updatedTime": "2021-09-26T18:42:31.1404238Z",
      "createdUserId": "28fac8cb-bec7-48c9-a688-5024cf318b8a",
      "updatedUserId": "28fac8cb-bec7-48c9-a688-5024cf318b8a"
    },
    {
      "channelContent": {
        "web": {
          "contentFormat": "Markdown",
          "content": "Użytkownicy nie będą mogli przywrócić identyfikatora konferencji. Identyfikator konferencji można zresetować tylko przez administratora w organizacji."
        }
      },
      "id": "f0f192c7-a2e7-42d3-b644-040d9fc1a8e6",
      "createdTime": "2021-10-24T20:23:01.965Z",
      "updatedTime": "2021-10-24T20:23:01.965Z",
      "createdUserId": "user-0",
      "updatedUserId": "user-0"
    }
  ]
}