{
  "intents": [
    {
      "triggerQueries": [
        "czat grupowy bez zespołu",
        "Zakładanie czatu grupowego",
        "tworzenie czatu grupowego",
        "Jak naprawić czat grupowy",
        "Rozpoczynanie czatu grupowego",
        "Dodawanie osób do czatu",
        "Jak rozpocząć czat grupowy?",
        "Jak mogę rozpocząć grupowy czat?"
      ],
      "dialogId": "new_topic_3a1679a18661493a8762918879c69782",
      "isTriggeringEnabled": true,
      "id": "new_topic_3a1679a18661493a8762918879c69782",
      "displayName": "Jak mogę rozpocząć grupowy czat?",
      "description": "",
      "createdTime": "2021-09-26T17:10:35.2915076Z",
      "updatedTime": "2021-10-21T11:05:48.4147804Z",
      "createdUserId": "28fac8cb-bec7-48c9-a688-5024cf318b8a",
      "updatedUserId": "28fac8cb-bec7-48c9-a688-5024cf318b8a"
    }
  ],
  "dialogs": [
    {
      "rootNodeId": "c1ad1fe2-d34c-4674-b594-ab0d07928d5f",
      "messageNodes": [
        {
          "botMessageId": "174018e6-98e5-43fc-b0e3-36df9484f447",
          "nodeType": "BotMessageNode",
          "id": "c1ad1fe2-d34c-4674-b594-ab0d07928d5f",
          "defaultTargetNodeId": "be6b3225-0ccd-47c1-a7c2-9bd86474fc61"
        },
        {
          "botMessageId": "8c85d720-d694-4c35-9988-9ae6fa0e9df8",
          "nodeType": "BotMessageNode",
          "id": "be6b3225-0ccd-47c1-a7c2-9bd86474fc61",
          "defaultTargetNodeId": "e3d4143f-fe80-4dd4-95f3-537ab3dcf1ed"
        },
        {
          "botMessageId": "b7475562-f05f-48f7-a7b9-78082957c893",
          "nodeType": "BotMessageNode",
          "id": "e3d4143f-fe80-4dd4-95f3-537ab3dcf1ed",
          "defaultTargetNodeId": "5f904557-ab59-45ad-8ea1-0198a4a8235d"
        }
      ],
      "dialogChangeNodes": [
        {
          "targetDialogId": "new_topic_d4ee79ce05584b519ee7d416fda7e2a3_aeabea4d071f415c8c107e1cb7af5424_assumedsuccess",
          "nodeType": "DialogChangeNode",
          "id": "5f904557-ab59-45ad-8ea1-0198a4a8235d"
        }
      ],
      "id": "new_topic_3a1679a18661493a8762918879c69782",
      "displayName": "Dialog for Jak mogę rozpocząć grupowy czat?",
      "createdTime": "2021-09-26T17:10:35.2915076Z",
      "updatedTime": "2021-10-21T11:12:54.2559054Z",
      "createdUserId": "28fac8cb-bec7-48c9-a688-5024cf318b8a",
      "updatedUserId": "28fac8cb-bec7-48c9-a688-5024cf318b8a"
    }
  ],
  "botMessages": [
    {
      "channelContent": {
        "web": {
          "contentFormat": "Markdown",
          "content": "**Aby wysłać wiadomość prywatną**, najpierw kliknij pozycję **Nowy czat** u góry aplikacji, aby rozpocząć nową konwersację. W polu **Do** wpisz imię i nazwisko osoby lub osób, z którymi chcesz porozmawiać. Skomponuj wiadomość i kliknij przycisk **Wyślij.**"
        }
      },
      "id": "174018e6-98e5-43fc-b0e3-36df9484f447",
      "createdTime": "2021-09-26T17:10:35.2915076Z",
      "updatedTime": "2021-09-26T17:10:35.2915076Z",
      "createdUserId": "28fac8cb-bec7-48c9-a688-5024cf318b8a",
      "updatedUserId": "28fac8cb-bec7-48c9-a688-5024cf318b8a"
    },
    {
      "channelContent": {
        "web": {
          "contentFormat": "Markdown",
          "content": "Aby dodać kogoś do czatu, który jest już w toku:\n\nWystarczy kliknąć **pozycję Dodaj osoby**.\n\nW tym momencie automatycznie tworzony jest **czat grupowy.**\n\nMożesz wybrać, czy nowa osoba może zobaczyć wszystkie, niektóre lub żadne elementy z historii czatu."
        }
      },
      "id": "8c85d720-d694-4c35-9988-9ae6fa0e9df8",
      "createdTime": "2021-09-26T17:11:57.947Z",
      "updatedTime": "2021-09-26T17:11:57.947Z",
      "createdUserId": "user-0",
      "updatedUserId": "user-0"
    },
    {
      "channelContent": {
        "web": {
          "contentFormat": "Markdown",
          "content": "💡 **Wskazówka:** Pamiętaj, aby **nazwać** czat grupowy. Łatwiej będzie go znaleźć i każdy zrozumie, jakiego tematu dotyczy konwersacja."
        }
      },
      "id": "b7475562-f05f-48f7-a7b9-78082957c893",
      "createdTime": "2021-09-26T17:12:22.144Z",
      "updatedTime": "2021-09-26T17:12:22.144Z",
      "createdUserId": "user-0",
      "updatedUserId": "user-0"
    }
  ]
}