{
  "intents": [
    {
      "triggerQueries": [
        "Dlaczego wyświetlane są tylko niektóre kanały?",
        "Gdzie jest opcja wyświetlania kanału?",
        "Jak wyświetlić kanał lub go obserwować?",
        "Czy można śledzić kanały?",
        "Chcę zobaczyć kanał!",
        "Jak obserwować kanał?",
        "Jak wyświetlić kanał?",
        "Jakie kroki należy wykonać, aby wyświetlić kanał?",
        "Jak zobaczyć kanał?",
        "Jak zobaczyć albo zacząć śledzić kanał?"
      ],
      "dialogId": "new_topic_7859469292b348da8c9d86aadd9b7592",
      "isTriggeringEnabled": true,
      "id": "new_topic_7859469292b348da8c9d86aadd9b7592",
      "displayName": "Jak zobaczyć albo zacząć śledzić kanał?",
      "description": "",
      "createdTime": "2021-09-26T17:54:20.7880426Z",
      "updatedTime": "2021-09-27T14:05:56.1379288Z",
      "createdUserId": "28fac8cb-bec7-48c9-a688-5024cf318b8a",
      "updatedUserId": "28fac8cb-bec7-48c9-a688-5024cf318b8a"
    }
  ],
  "dialogs": [
    {
      "rootNodeId": "add667fb-d688-460d-a60f-a8f1b2c6d174",
      "messageNodes": [
        {
          "botMessageId": "bb958f3e-d9b5-48b3-ab4a-b06eb52e34f1",
          "nodeType": "BotMessageNode",
          "id": "add667fb-d688-460d-a60f-a8f1b2c6d174",
          "defaultTargetNodeId": "d7d002e9-cc13-4d80-827d-17b35a416a75"
        }
      ],
      "dialogChangeNodes": [
        {
          "targetDialogId": "new_topic_d4ee79ce05584b519ee7d416fda7e2a3_aeabea4d071f415c8c107e1cb7af5424_assumedsuccess",
          "nodeType": "DialogChangeNode",
          "id": "d7d002e9-cc13-4d80-827d-17b35a416a75"
        }
      ],
      "id": "new_topic_7859469292b348da8c9d86aadd9b7592",
      "displayName": "Dialog for Jak zobaczyć albo zacząć śledzić kanał?",
      "createdTime": "2021-09-26T17:54:20.7880426Z",
      "updatedTime": "2021-09-26T17:55:01.1463773Z",
      "createdUserId": "28fac8cb-bec7-48c9-a688-5024cf318b8a",
      "updatedUserId": "28fac8cb-bec7-48c9-a688-5024cf318b8a"
    }
  ],
  "botMessages": [
    {
      "channelContent": {
        "web": {
          "contentFormat": "Markdown",
          "content": "Będąc w kanale kliknij pozycję **... > Pokaż**."
        }
      },
      "id": "bb958f3e-d9b5-48b3-ab4a-b06eb52e34f1",
      "createdTime": "2021-09-26T17:54:20.7880426Z",
      "updatedTime": "2021-09-26T17:54:20.7880426Z",
      "createdUserId": "28fac8cb-bec7-48c9-a688-5024cf318b8a",
      "updatedUserId": "28fac8cb-bec7-48c9-a688-5024cf318b8a"
    }
  ],
  "createdUtc": "0001-01-01T00:00:00Z"
}