{
  "intents": [
    {
      "systemIntentTypes": [
        "Goodbye"
      ],
      "intentType": "System",
      "triggerQueries": [
        "Pa",
        "Dziękuję do zobaczenia",
        "Na razie",
        "Do później",
        "Do zobaczenia później!",
        "Także dziękuję za rozmowę. Miłego dnia.",
        "Do zobaczenia",
        "Życzę Ci miłego dnia",
        "Dobranoc",
        "Życzę miłego dnia",
        "Życzę miłego dnia. Dasz sobie radę.",
        "Miłego dnia",
        "Życzę Ci wspaniałego dnia :)",
        "U mnie wszystko w porządku. Do zobaczenia.",
        "Na pewno zajmę się tym później. Dziękuję, do zobaczenia.",
        "Będę musiał porozmawiać z Tobą później.",
        "Będę musiała porozmawiać z Tobą później.",
        "Miło się rozmawiało. Do zobaczenia.",
        "Nie, dziękuję, dobranoc",
        "Nie, dziękuję, do zobaczenia",
        "Nie, dziękuję, pa",
        "Nie, dziękuję. Do zobaczenia.",
        "Nie, dziękuję! Miłego dnia.",
        "Nie, dziękuję. Życzę miłego dnia.",
        "Nie, dziękuję za pomoc Do zobaczenia.",
        "Nie, bardzo dziękuję. Miłego dnia.",
        "Żadne z powyższych. Dziękuję.",
        "Nie trzeba, dziękuję i do zobaczenia.",
        "Nie, dzięki, miłego dnia i do zobaczenia",
        "Nie. Pa pa.",
        "Nie w tej chwili. Dzięki i miłego dnia.",
        "Niezbyt pomocne. Pa.",
        "O.K, dzięki. Miłego dnia.",
        "O.K, dzięki. Do zobaczenia.",
        "Fantastycznie! Miłego dnia!",
        "U mnie tak samo. Miłego dnia.",
        "U mnie też. Do zobaczenia później.",
        "Do pogadania",
        "Do zobaczenia później",
        "Przepraszam, dzięki za pomoc, pa",
        "Przepraszam, dziękuję za pomoc, pa",
        "Przepraszam, idę do pracy, miłego dnia",
        "Muszę iść, przepraszam. Pa",
        "Trzymaj sie, życzę miłego dnia",
        "Dzięki za rozmowę, miłego dnia",
        "Dziękuję za rozmowę, miłego dnia",
        "Dziękuję Pa",
        "Dzięki i do zobaczenia!",
        "Dzięki i życzę miłego dnia",
        "Dziękuję za otrzymaną pomoc, do zobaczenia",
        "Dzięki za pomoc! Na razie!",
        "Dziękuję Ci, miłego dnia",
        "Dziękuję, sprawdzę to",
        "Bardzo dziękuję, pa pa",
        "Bardzo dziękuję. Miłego dnia!",
        "Dziękuję, życzę Ci miłego dnia.",
        "Dziękuję, do zobaczenia później.",
        "Dziękuję. Do zobaczenia.",
        "Dzięki. Pa.",
        "Dzięki za pomoc do zobaczenia",
        "Dzięki za okazaną mi pomoc pa",
        "Dzięki za pomoc. Do zobaczenia.",
        "Dziękuję za pomoc. Miłego dnia!",
        "Dzięki papa",
        "Dzięki do zobaczenia",
        "Dziękuję, dobranoc",
        "Dzięki. Do zobaczenia",
        "Dzięki. Zakończę teraz rozmowę.",
        "Dziękuję. Wszystko jest już w porządku. Miłego dnia.",
        "Dzienks. Pa"
      ],
      "dialogId": "new_topic_d4ee79ce05584b519ee7d416fda7e2a3_f56d1a3e522740c78f9fac0939332dbd_goodbye",
      "isTriggeringEnabled": true,
      "id": "new_topic_d4ee79ce05584b519ee7d416fda7e2a3_f56d1a3e522740c78f9fac0939332dbd_goodbye",
      "displayName": "Do zobaczenia",
      "description": "Intencja systemu Pożegnanie",
      "createdTime": "2019-01-15T00:00:00Z",
      "updatedTime": "2019-01-15T00:00:00Z",
      "createdUserId": "user0",
      "updatedUserId": "user0"
    }
  ],
  "dialogs": [
    {
      "rootNodeId": "3ce2158c-ebd3-4e2f-9e15-74432e415182",
      "dialogType": "System",
      "messageNodes": [
        {
          "botMessageId": "026a85be-8cca-4b87-b39f-3639fcfe3383",
          "nodeType": "BotMessageNode",
          "id": "3ce2158c-ebd3-4e2f-9e15-74432e415182"
        }
      ],
      "id": "new_topic_d4ee79ce05584b519ee7d416fda7e2a3_f56d1a3e522740c78f9fac0939332dbd_goodbye",
      "displayName": "Dialog na Pożegnanie",
      "createdTime": "2019-01-15T00:00:00Z",
      "updatedTime": "2019-01-15T00:00:00Z",
      "createdUserId": "user0",
      "updatedUserId": "user0"
    }
  ],
  "botMessages": [
    {
      "channelContent": {
        "web": {
          "contentFormat": "Markdown",
          "content": "Dziękuję za rozmowę. Papa!"
        }
      },
      "id": "026a85be-8cca-4b87-b39f-3639fcfe3383",
      "createdTime": "2019-01-15T00:00:00Z",
      "updatedTime": "2019-01-15T00:00:00Z",
      "createdUserId": "user0",
      "updatedUserId": "user0"
    }
  ],
  "createdUtc": "0001-01-01T00:00:00Z"
}