{
  "intents": [
    {
      "triggerQueries": [
        "Jak zablokować bota?",
        "przestań otrzymywać powiadomienia od bota w aplikacji Teams",
        "jak mogę zapobiec botowi?",
        "Uniemożliwianie botowi rozmawiania ze mną",
        "usuwanie chatbota",
        "Chcę przestać rozmawiać z botem",
        "blokowanie robota",
        "blokowanie bota",
        "blokowanie chatbota",
        "odinstaluj bota",
        "powstrzymywanie botów przed wysyłaniem powiadomień",
        "Jak mogę zablokować bota?"
      ],
      "dialogId": "new_topic_952685499399439e8449dd59a11856a2",
      "isTriggeringEnabled": true,
      "id": "new_topic_952685499399439e8449dd59a11856a2",
      "displayName": "Jak mogę zablokować bota?",
      "description": "",
      "createdTime": "2021-09-26T17:24:31.641161Z",
      "updatedTime": "2021-10-21T14:17:54.910252Z",
      "createdUserId": "28fac8cb-bec7-48c9-a688-5024cf318b8a",
      "updatedUserId": "28fac8cb-bec7-48c9-a688-5024cf318b8a"
    }
  ],
  "dialogs": [
    {
      "rootNodeId": "cd1f9b2f-4dd5-4450-b49d-0cf1f8f4d902",
      "messageNodes": [
        {
          "botMessageId": "9dd9071f-8dfc-4c03-8d12-0d5788eb2721",
          "nodeType": "BotMessageNode",
          "id": "cd1f9b2f-4dd5-4450-b49d-0cf1f8f4d902",
          "defaultTargetNodeId": "425fe8d5-4676-4985-ab65-47246349b639"
        },
        {
          "botMessageId": "ad40c137-d939-4f80-a236-cb855518ec43",
          "nodeType": "BotMessageNode",
          "id": "425fe8d5-4676-4985-ab65-47246349b639",
          "defaultTargetNodeId": "09032667-8142-454f-901b-67e84dccd366"
        }
      ],
      "dialogChangeNodes": [
        {
          "targetDialogId": "new_topic_d4ee79ce05584b519ee7d416fda7e2a3_aeabea4d071f415c8c107e1cb7af5424_assumedsuccess",
          "nodeType": "DialogChangeNode",
          "id": "09032667-8142-454f-901b-67e84dccd366"
        }
      ],
      "id": "new_topic_952685499399439e8449dd59a11856a2",
      "displayName": "Dialog for Jak mogę zablokować bota?",
      "createdTime": "2021-09-26T17:24:31.641161Z",
      "updatedTime": "2021-10-21T14:20:36.9192477Z",
      "createdUserId": "28fac8cb-bec7-48c9-a688-5024cf318b8a",
      "updatedUserId": "28fac8cb-bec7-48c9-a688-5024cf318b8a"
    }
  ],
  "botMessages": [
    {
      "channelContent": {
        "web": {
          "contentFormat": "Markdown",
          "content": "Jeśli jesteś zmęczony słuchaniem bota, wyluzuj.\n\nMasz [**kilka opcji**](https://support.microsoft.com/pl-pl/office/blokowanie-lub-usuwanie-robot-sieci-w-cz%C5%82onkom-zespo%C5%82u-28c13adc-f647-4448-81d9-985ba6c17b98)."
        }
      },
      "id": "9dd9071f-8dfc-4c03-8d12-0d5788eb2721",
      "createdTime": "2021-09-26T17:24:31.641161Z",
      "updatedTime": "2021-09-26T17:24:31.641161Z",
      "createdUserId": "28fac8cb-bec7-48c9-a688-5024cf318b8a",
      "updatedUserId": "28fac8cb-bec7-48c9-a688-5024cf318b8a"
    },
    {
      "channelContent": {
        "web": {
          "contentFormat": "Markdown",
          "content": "Aby zatrzymać słowotok bota, znajdź nazwę czatu z botem na liście czatów, a następnie kliknij **więcej opcji**, a następnie **wycisz**.\n\nJeśli szukasz bardziej trwałego rozwiązania, możesz całkowicie usunąć bota z kanału. Znajdź nazwę kanału, a następnie kliknij pozycję **Więcej opcji,** a następnie **Zarządzanie zespołem**.\n\nNa karcie \\*\\*Aplikacje \\*\\* kliknij pozycję\n\n\\*\\*Odinstaluj \\*\\* obok nazwy bota, który chcesz usunąć."
        }
      },
      "id": "ad40c137-d939-4f80-a236-cb855518ec43",
      "createdTime": "2021-10-21T14:20:26.826Z",
      "updatedTime": "2021-10-21T14:20:26.826Z",
      "createdUserId": "user-0",
      "updatedUserId": "user-0"
    }
  ]
}