{
  "intents": [
    {
      "triggerQueries": [
        "Otwórz pliki Teams na swoim Androidzie?",
        "Otwierasz pliki Teams na swoim iPhonie?",
        "Aplikacja mobilna dla Teams i plików",
        "czy możesz otwierać pliki w aplikacji mobilnej Teams?",
        "Czy mogę otwierać pliki w telefonie?",
        "Jak otworzyć plik w telefonie?",
        "Jak otworzyć plik z aplikacji Teams na telefonie?",
        "Jak otworzyć plik z Teams na moim telefonie?"
      ],
      "dialogId": "new_topic_4b6fdefaece3476499595292f3dc3d68",
      "isTriggeringEnabled": true,
      "id": "new_topic_4b6fdefaece3476499595292f3dc3d68",
      "displayName": "Jak otworzyć plik z Teams na moim telefonie?",
      "description": "",
      "createdTime": "2021-09-26T17:38:33.5199738Z",
      "updatedTime": "2021-10-21T14:37:11.4520307Z",
      "createdUserId": "28fac8cb-bec7-48c9-a688-5024cf318b8a",
      "updatedUserId": "28fac8cb-bec7-48c9-a688-5024cf318b8a"
    }
  ],
  "dialogs": [
    {
      "rootNodeId": "3a0d8feb-06c3-41c4-a726-b1562fdc3709",
      "messageNodes": [
        {
          "botMessageId": "a8194d93-2120-4b75-85a2-5ff8a9f050e7",
          "nodeType": "BotMessageNode",
          "id": "3a0d8feb-06c3-41c4-a726-b1562fdc3709",
          "defaultTargetNodeId": "27d77c04-3a3c-4765-9b47-d9729ed025f1"
        }
      ],
      "dialogChangeNodes": [
        {
          "targetDialogId": "new_topic_d4ee79ce05584b519ee7d416fda7e2a3_aeabea4d071f415c8c107e1cb7af5424_assumedsuccess",
          "nodeType": "DialogChangeNode",
          "id": "27d77c04-3a3c-4765-9b47-d9729ed025f1"
        }
      ],
      "id": "new_topic_4b6fdefaece3476499595292f3dc3d68",
      "displayName": "Dialog for Jak otworzyć plik z Teams na moim telefonie?",
      "createdTime": "2021-09-26T17:38:33.5199738Z",
      "updatedTime": "2021-09-26T17:39:04.9131773Z",
      "createdUserId": "28fac8cb-bec7-48c9-a688-5024cf318b8a",
      "updatedUserId": "28fac8cb-bec7-48c9-a688-5024cf318b8a"
    }
  ],
  "botMessages": [
    {
      "channelContent": {
        "web": {
          "contentFormat": "Markdown",
          "content": "Zespoły Teams pozwalają łatwo zarządzać i edytować pliki również na telefonie. Jeśli przejdziesz do zakładki pliki wybranego kanału w aplikacji mobilnej, można otworzyć dokument, a po przejrzeniu treści udostępnić go lub przesłać kopię do innej osoby. Jeżeli na telefonie zainstalowana jest odpowiednia mobilna aplikacja Office, to można również zmodyfikować dokument."
        }
      },
      "id": "a8194d93-2120-4b75-85a2-5ff8a9f050e7",
      "createdTime": "2021-09-26T17:38:33.5199738Z",
      "updatedTime": "2021-09-26T17:38:33.5199738Z",
      "createdUserId": "28fac8cb-bec7-48c9-a688-5024cf318b8a",
      "updatedUserId": "28fac8cb-bec7-48c9-a688-5024cf318b8a"
    }
  ]
}