{
  "intents": [
    {
      "triggerQueries": [
        "Czy użytkownik może otrzymać pomoc operatora podczas spotkania?",
        "wsparcie na żywo ze strony agenta podczas spotkania",
        "pomoc na żywo podczas spotkania",
        "pomoc pracowników obsługi klienta podczas spotkania",
        "pomoc operatora telekomunikacyjnego",
        "pomoc operatora podczas spotkania?",
        "Czy użytkownik może otrzymać wsparcie operatora podczas telekonferencji?"
      ],
      "dialogId": "new_topic_2a525af85ec346ed8ea570908f11557a",
      "isTriggeringEnabled": true,
      "id": "new_topic_2a525af85ec346ed8ea570908f11557a",
      "displayName": "Czy użytkownik może otrzymać wsparcie operatora podczas telekonferencji?",
      "description": "",
      "createdTime": "2021-09-26T18:40:45.0556687Z",
      "updatedTime": "2021-10-24T20:16:20.5092723Z",
      "createdUserId": "28fac8cb-bec7-48c9-a688-5024cf318b8a",
      "updatedUserId": "28fac8cb-bec7-48c9-a688-5024cf318b8a"
    }
  ],
  "dialogs": [
    {
      "rootNodeId": "a396eedd-3007-4afa-bab6-02e20e48394d",
      "messageNodes": [
        {
          "botMessageId": "61f164dc-30b7-4c76-b0b5-eda63a6f5219",
          "nodeType": "BotMessageNode",
          "id": "a396eedd-3007-4afa-bab6-02e20e48394d",
          "defaultTargetNodeId": "a22d0521-14f6-4d46-9f98-80dd0a5a3ee4"
        },
        {
          "botMessageId": "c336a871-17cb-4623-986b-911f909320d0",
          "nodeType": "BotMessageNode",
          "id": "a22d0521-14f6-4d46-9f98-80dd0a5a3ee4",
          "defaultTargetNodeId": "ccfe8497-d29e-4008-8199-fdedd5547044"
        }
      ],
      "dialogChangeNodes": [
        {
          "targetDialogId": "new_topic_d4ee79ce05584b519ee7d416fda7e2a3_aeabea4d071f415c8c107e1cb7af5424_assumedsuccess",
          "nodeType": "DialogChangeNode",
          "id": "ccfe8497-d29e-4008-8199-fdedd5547044"
        }
      ],
      "id": "new_topic_2a525af85ec346ed8ea570908f11557a",
      "displayName": "Dialog for Czy użytkownik może otrzymać wsparcie operatora podczas telekonferencji?",
      "createdTime": "2021-09-26T18:40:45.0556687Z",
      "updatedTime": "2021-10-24T20:17:21.5867114Z",
      "createdUserId": "28fac8cb-bec7-48c9-a688-5024cf318b8a",
      "updatedUserId": "28fac8cb-bec7-48c9-a688-5024cf318b8a"
    }
  ],
  "botMessages": [
    {
      "channelContent": {
        "web": {
          "contentFormat": "Markdown",
          "content": "Użytkownik nie może uzyskać pomocy lub pomocy technicznej operatora, naciskając \\*0 podczas spotkania."
        }
      },
      "id": "61f164dc-30b7-4c76-b0b5-eda63a6f5219",
      "createdTime": "2021-09-26T18:40:45.0556687Z",
      "updatedTime": "2021-09-26T18:40:45.0556687Z",
      "createdUserId": "28fac8cb-bec7-48c9-a688-5024cf318b8a",
      "updatedUserId": "28fac8cb-bec7-48c9-a688-5024cf318b8a"
    },
    {
      "channelContent": {
        "web": {
          "contentFormat": "Markdown",
          "content": "Jeśli występują problemy z konferencjami audio, administrator organizacji może skontaktować się z [pomocą techniczną firmy Microsoft dla usługi Office 365](https://docs.microsoft.com/pl-PL/microsoft-365/admin/contact-support-for-business-products?redirectSourcePath=%252farticle%252fMicrosoft-support-for-Office-365-32a17ca7-6fa0-4870-8a8d-e25ba4ccfd4b&view=o365-worldwide)."
        }
      },
      "id": "c336a871-17cb-4623-986b-911f909320d0",
      "createdTime": "2021-10-24T20:17:14.659Z",
      "updatedTime": "2021-10-24T20:17:14.659Z",
      "createdUserId": "user-0",
      "updatedUserId": "user-0"
    }
  ]
}