{
  "intents": [
    {
      "triggerQueries": [
        "Przenoszenie pliku do innej lokalizacji w usłudze Teams",
        "przenoszenie pliku w zespołach",
        "Jak przenosić dokumenty z jednego kanału do drugiego?",
        "Jak przenosić pliki między kanałami w usłudze Teams?",
        "Przenoszenie plików wewnątrz zespołu",
        "Jak przenieść plik z jednego zespołu do drugiego?",
        "Przenoszenie plików między kanałami",
        "Jak przenosić pliki pomiędzy kanałami w Teams?"
      ],
      "dialogId": "new_topic_4481690464d944cc8ec5be7de4f4d60d",
      "isTriggeringEnabled": true,
      "id": "new_topic_4481690464d944cc8ec5be7de4f4d60d",
      "displayName": "Jak przenosić pliki pomiędzy kanałami w Teams?",
      "description": "",
      "createdTime": "2021-09-27T10:20:05.4523668Z",
      "updatedTime": "2021-10-11T12:32:58.9081823Z",
      "createdUserId": "28fac8cb-bec7-48c9-a688-5024cf318b8a",
      "updatedUserId": "28fac8cb-bec7-48c9-a688-5024cf318b8a"
    }
  ],
  "dialogs": [
    {
      "rootNodeId": "7d3c7a13-d5ec-4df2-92cf-f093dca7159d",
      "messageNodes": [
        {
          "botMessageId": "2f125f92-dafd-494a-a808-4ca6ab5cedea",
          "nodeType": "BotMessageNode",
          "id": "7d3c7a13-d5ec-4df2-92cf-f093dca7159d",
          "defaultTargetNodeId": "b6e452e5-af3f-4029-9427-a14bea6b84c5"
        }
      ],
      "dialogChangeNodes": [
        {
          "targetDialogId": "new_topic_d4ee79ce05584b519ee7d416fda7e2a3_aeabea4d071f415c8c107e1cb7af5424_assumedsuccess",
          "nodeType": "DialogChangeNode",
          "id": "b6e452e5-af3f-4029-9427-a14bea6b84c5"
        }
      ],
      "id": "new_topic_4481690464d944cc8ec5be7de4f4d60d",
      "displayName": "Dialog for Jak przenosić pliki pomiędzy kanałami w Teams?",
      "createdTime": "2021-09-27T10:20:05.4523668Z",
      "updatedTime": "2021-09-27T10:21:29.7677169Z",
      "createdUserId": "28fac8cb-bec7-48c9-a688-5024cf318b8a",
      "updatedUserId": "28fac8cb-bec7-48c9-a688-5024cf318b8a"
    }
  ],
  "botMessages": [
    {
      "channelContent": {
        "web": {
          "contentFormat": "Markdown",
          "content": "Użytkownik może przenosić pliki za pomocą zakładki \"Pliki\" w odpowiednim kanale.\n\nSprawdź to, jeśli chcesz przejść przewodnik krok po kroku: \n\n[Przenoszenie lub kopiowanie plików w zespołach](https://support.office.com/en-us/article/move-or-copy-files-in-teams-f83ed547-359b-4fc8-bf5a-60467f53dd60)"
        }
      },
      "id": "2f125f92-dafd-494a-a808-4ca6ab5cedea",
      "createdTime": "2021-09-27T10:20:05.4523668Z",
      "updatedTime": "2021-09-27T10:20:05.4523668Z",
      "createdUserId": "28fac8cb-bec7-48c9-a688-5024cf318b8a",
      "updatedUserId": "28fac8cb-bec7-48c9-a688-5024cf318b8a"
    }
  ]
}