<ImportExportXml version="9.2.21093.147" SolutionPackageVersion="9.2" languagecode="1033" generatedBy="CrmLive" xmlns:xsi="http://www.w3.org/2001/XMLSchema-instance">
  <SolutionManifest>
    <UniqueName>TimonPL</UniqueName>
    <LocalizedNames>
      <LocalizedName description="TimonPL" languagecode="1033" />
    </LocalizedNames>
    <Descriptions>
      <Description description="TimonPL is polish chat bot to answer questions about Teams" languagecode="1033" />
    </Descriptions>
    <Version>1.0.0.1</Version>
    <Managed>0</Managed>
    <Publisher>
      <UniqueName>KonradSagala</UniqueName>
      <LocalizedNames>
        <LocalizedName description="Konrad Sagala" languagecode="1033" />
      </LocalizedNames>
      <Descriptions />
      <EMailAddress xsi:nil="true"></EMailAddress>
      <SupportingWebsiteUrl xsi:nil="true"></SupportingWebsiteUrl>
      <CustomizationPrefix>new</CustomizationPrefix>
      <CustomizationOptionValuePrefix>10000</CustomizationOptionValuePrefix>
    </Publisher>
    <RootComponents>
      <RootComponent type="29" id="{22036560-5e5e-eb11-a812-000d3a9bb82a}" behavior="0" />
      <RootComponent type="29" id="{8a84184f-8b5d-eb11-a812-000d3a9bb82a}" behavior="0" />
      <RootComponent type="29" id="{c9579f47-cb2f-eb11-a813-000d3a98dbb4}" behavior="0" />
    </RootComponents>
    <MissingDependencies>
      <MissingDependency>
        <Required type="connectionreference" displayName="cr675_sharedoffice365users_00f97" solution="Active" id.connectionreferencelogicalname="cr675_sharedoffice365users_00f97" />
        <Dependent type="29" displayName="Send user feedback to a Teams channel" id="{22036560-5e5e-eb11-a812-000d3a9bb82a}" />
      </MissingDependency>
      <MissingDependency>
        <Required type="connectionreference" displayName="new_sharedoffice365users_fbbb1" solution="Active" id.connectionreferencelogicalname="new_sharedoffice365users_fbbb1" />
        <Dependent type="29" displayName="Notify a Teams channel about user questions " id="{8a84184f-8b5d-eb11-a812-000d3a9bb82a}" />
      </MissingDependency>
      <MissingDependency>
        <Required type="connectionreference" displayName="new_sharedteams_87d38" solution="Active" id.connectionreferencelogicalname="new_sharedteams_87d38" />
        <Dependent type="29" displayName="Send user feedback to a Teams channel" id="{22036560-5e5e-eb11-a812-000d3a9bb82a}" />
      </MissingDependency>
      <MissingDependency>
        <Required type="connectionreference" displayName="new_sharedteams_87d38" solution="Active" id.connectionreferencelogicalname="new_sharedteams_87d38" />
        <Dependent type="29" displayName="Notify a Teams channel about user questions " id="{8a84184f-8b5d-eb11-a812-000d3a9bb82a}" />
      </MissingDependency>
    </MissingDependencies>
  </SolutionManifest>
</ImportExportXml>