{
  "intents": [
    {
      "triggerQueries": [
        "Weź udział w Zdarzeniu na żywo",
        "Kto może brać udział w wydarzeniach na żywo?",
        "Kto może dołączyć do Zdarzenia na żywo?",
        "Kto może zobaczyć wydarzenie na żywo w usłudze Teams?",
        "Kto może oglądać wydarzenie na żywo?",
        "Kto może dołączyć do wydarzeń na żywo?",
        "uczestnicy wydarzeń na żywo",
        "Kto może uczestniczyć w Zdarzeniach na żywo?"
      ],
      "dialogId": "new_topic_4206e312a8674733aa25249821a175e9",
      "isTriggeringEnabled": true,
      "id": "new_topic_4206e312a8674733aa25249821a175e9",
      "displayName": "Kto może uczestniczyć w Zdarzeniach na żywo?",
      "description": "",
      "createdTime": "2021-09-27T10:31:54.7081717Z",
      "updatedTime": "2021-09-27T13:47:28.1910596Z",
      "createdUserId": "28fac8cb-bec7-48c9-a688-5024cf318b8a",
      "updatedUserId": "28fac8cb-bec7-48c9-a688-5024cf318b8a"
    }
  ],
  "dialogs": [
    {
      "rootNodeId": "9544edcf-9e1f-4e8b-9403-2ee00b9d1d54",
      "messageNodes": [
        {
          "botMessageId": "20ff0e86-3d6e-46c2-ac5b-a30872ebaeda",
          "nodeType": "BotMessageNode",
          "id": "9544edcf-9e1f-4e8b-9403-2ee00b9d1d54",
          "defaultTargetNodeId": "f1721cf3-7c8e-451f-b761-523c6ede63b2"
        }
      ],
      "dialogChangeNodes": [
        {
          "targetDialogId": "new_topic_d4ee79ce05584b519ee7d416fda7e2a3_aeabea4d071f415c8c107e1cb7af5424_assumedsuccess",
          "nodeType": "DialogChangeNode",
          "id": "f1721cf3-7c8e-451f-b761-523c6ede63b2"
        }
      ],
      "id": "new_topic_4206e312a8674733aa25249821a175e9",
      "displayName": "Dialog for Kto może uczestniczyć w Zdarzeniach na żywo?",
      "createdTime": "2021-09-27T10:31:54.7081717Z",
      "updatedTime": "2021-09-27T10:32:25.8996826Z",
      "createdUserId": "28fac8cb-bec7-48c9-a688-5024cf318b8a",
      "updatedUserId": "28fac8cb-bec7-48c9-a688-5024cf318b8a"
    }
  ],
  "botMessages": [
    {
      "channelContent": {
        "web": {
          "contentFormat": "Markdown",
          "content": "**Wydarzenia publiczne:**\n\nJeśli wydarzenie jest publiczne, każda osoba z linkiem może wziąć w nim udział bez logowania.\n\n**Imprezy prywatne:**\n\nJeśli uczestnictwo jest ograniczone do twojej organizacji lub do określonych osób i grup, uczestnicy muszą zalogować się, aby dołączyć. Jeśli zdarzenie jest produkowane zewnętrznie, będą potrzebować licencji, która zawiera usługę Microsoft Stream.\n\nAby uzyskać więcej informacji, zobacz [Wprowadzenie do wydarzeń na żywo w usłudze Microsoft Teams](https://support.microsoft.com/pl-pl/office/wprowadzenie-do-wydarze%c5%84-na-%c5%bcywo-w-aplikacji-microsoft-teams-d077fec2-a058-483e-9ab5-1494afda578a?ui=pl-PL&rs=pl-PL&ad=PL)."
        }
      },
      "id": "20ff0e86-3d6e-46c2-ac5b-a30872ebaeda",
      "createdTime": "2021-09-27T10:31:54.7081717Z",
      "updatedTime": "2021-09-27T10:31:54.7081717Z",
      "createdUserId": "28fac8cb-bec7-48c9-a688-5024cf318b8a",
      "updatedUserId": "28fac8cb-bec7-48c9-a688-5024cf318b8a"
    }
  ],
  "createdUtc": "0001-01-01T00:00:00Z"
}