{
  "intents": [
    {
      "triggerQueries": [
        "Jak duże pliki mogą być obsługiwane w Teams?",
        "Jak duże pliki mogę zapisywać w usłudze Teams?",
        "filtrowanie pod kątem rozmiaru pliku",
        "Czy zespoły mogą obsługiwać duże pliki?",
        "Jak duże pliki mogę przesłać?",
        "Jaki jest maksymalny rozmiar pliku?",
        "Jak duży może być plik?",
        "Jak duże pliki mogę przekazywać w usłudze Teams?",
        "Rozmiar plików w zespołach",
        "Ograniczenia dotyczące plików w aplikacji Teams",
        "Limit przekazywania plików w aplikacji Teams",
        "Limity rozmiaru plików w aplikacji Microsoft Teams",
        "Jak duży może być plik w aplikacji Teams?",
        "Czy są jakieś ograniczenia dotyczące plików w Teams?"
      ],
      "dialogId": "new_topic_801ecafbc435447f8cb131ff5ac12b8a",
      "isTriggeringEnabled": true,
      "id": "new_topic_801ecafbc435447f8cb131ff5ac12b8a",
      "displayName": "Czy są jakieś ograniczenia dotyczące plików w Teams?",
      "description": "",
      "createdTime": "2021-09-26T17:48:10.6218151Z",
      "updatedTime": "2021-10-20T15:13:36.7910648Z",
      "createdUserId": "28fac8cb-bec7-48c9-a688-5024cf318b8a",
      "updatedUserId": "28fac8cb-bec7-48c9-a688-5024cf318b8a"
    }
  ],
  "dialogs": [
    {
      "rootNodeId": "2479a52f-4cc3-4f97-9e66-685868439b5b",
      "messageNodes": [
        {
          "botMessageId": "775f3b87-3d34-46e1-aefa-4fa519e43ea9",
          "nodeType": "BotMessageNode",
          "id": "2479a52f-4cc3-4f97-9e66-685868439b5b",
          "defaultTargetNodeId": "75a034e6-a4dd-4c55-9702-8b2322e0bc3f"
        },
        {
          "botMessageId": "b1337bd7-d5e6-4b7e-9f7a-35127c9e4b72",
          "nodeType": "BotMessageNode",
          "id": "75a034e6-a4dd-4c55-9702-8b2322e0bc3f",
          "defaultTargetNodeId": "e3c2319d-b0b6-431a-a2a6-7b8b1e169ef8"
        }
      ],
      "dialogChangeNodes": [
        {
          "targetDialogId": "new_topic_d4ee79ce05584b519ee7d416fda7e2a3_aeabea4d071f415c8c107e1cb7af5424_assumedsuccess",
          "nodeType": "DialogChangeNode",
          "id": "e3c2319d-b0b6-431a-a2a6-7b8b1e169ef8"
        }
      ],
      "id": "new_topic_801ecafbc435447f8cb131ff5ac12b8a",
      "displayName": "Dialog for Czy są jakieś ograniczenia dotyczące plików w Teams?",
      "createdTime": "2021-09-26T17:48:10.6218151Z",
      "updatedTime": "2021-10-20T15:15:20.2309863Z",
      "createdUserId": "28fac8cb-bec7-48c9-a688-5024cf318b8a",
      "updatedUserId": "28fac8cb-bec7-48c9-a688-5024cf318b8a"
    }
  ],
  "botMessages": [
    {
      "channelContent": {
        "web": {
          "contentFormat": "Markdown",
          "content": "[Ograniczenie na wielkość przesyłanego do Teams pliku](https://docs.microsoft.com/pl-pl/microsoftteams/limits-specifications-teams#storage) wynosi 250 GB na plik.\n\n💡 Kliknij w link, żeby sprawdzić aktualny limit."
        }
      },
      "id": "775f3b87-3d34-46e1-aefa-4fa519e43ea9",
      "createdTime": "2021-09-26T17:48:10.6218151Z",
      "updatedTime": "2021-09-26T17:48:10.6218151Z",
      "createdUserId": "28fac8cb-bec7-48c9-a688-5024cf318b8a",
      "updatedUserId": "28fac8cb-bec7-48c9-a688-5024cf318b8a"
    },
    {
      "channelContent": {
        "web": {
          "contentFormat": "Markdown",
          "content": "Ponieważ usługa Teams działa w kontekście usługi SharePoint Online do udostępniania plików, ograniczenia programu SharePoint mają zastosowanie do sekcji Pliki w obrębie zespołu Teams."
        }
      },
      "id": "b1337bd7-d5e6-4b7e-9f7a-35127c9e4b72",
      "createdTime": "2021-10-20T15:13:30.131Z",
      "updatedTime": "2021-10-20T15:13:30.131Z",
      "createdUserId": "user-0",
      "updatedUserId": "user-0"
    }
  ]
}