{
  "intents": [
    {
      "triggerQueries": [
        "Jak wybrać ważne kanały?",
        "Oznaczanie ważnych czatów",
        "Jak przypiąć kanał?",
        "Jak przypiąć czat?",
        "przypinanie różnych czatów",
        "Przypinanie czatu lub kanału",
        "jak oznaczyć kanały jako ulubione?",
        "jak oznaczyć czat jako ulubiony?",
        "Przypinanie ulubionego czatu lub kanału u góry w aplikacji Teams",
        "Czy możesz przypiąć kanały?",
        "Jak przypiąć czat lub kanał?"
      ],
      "dialogId": "new_topic_dcfd60d5262745ebb84d1e77ca36b54a",
      "isTriggeringEnabled": true,
      "id": "new_topic_dcfd60d5262745ebb84d1e77ca36b54a",
      "displayName": "Jak przypiąć czat lub kanał?",
      "description": "",
      "createdTime": "2021-09-27T10:34:20.8714704Z",
      "updatedTime": "2021-10-11T10:36:47.637907Z",
      "createdUserId": "28fac8cb-bec7-48c9-a688-5024cf318b8a",
      "updatedUserId": "28fac8cb-bec7-48c9-a688-5024cf318b8a"
    }
  ],
  "dialogs": [
    {
      "rootNodeId": "00fb7084-945e-4c60-b7bb-96c5b376c836",
      "messageNodes": [
        {
          "botMessageId": "6e821370-4c63-4462-9e25-9f009ec4977b",
          "nodeType": "BotMessageNode",
          "id": "00fb7084-945e-4c60-b7bb-96c5b376c836",
          "defaultTargetNodeId": "974a89dd-9331-4633-a05d-67a81762ded7"
        },
        {
          "botMessageId": "7d9aaa30-70a4-4ed6-adf0-54af9f979295",
          "nodeType": "BotMessageNode",
          "id": "974a89dd-9331-4633-a05d-67a81762ded7",
          "defaultTargetNodeId": "11ab4adf-17f5-40d1-acbb-21c2bf173c61"
        },
        {
          "botMessageId": "c8c3a2bc-60db-4bf3-a6a9-982effe44516",
          "nodeType": "BotMessageNode",
          "id": "11ab4adf-17f5-40d1-acbb-21c2bf173c61",
          "defaultTargetNodeId": "c87111c1-97a5-4e54-afd9-652ddeb3adfb"
        }
      ],
      "dialogChangeNodes": [
        {
          "targetDialogId": "new_topic_d4ee79ce05584b519ee7d416fda7e2a3_aeabea4d071f415c8c107e1cb7af5424_assumedsuccess",
          "nodeType": "DialogChangeNode",
          "id": "c87111c1-97a5-4e54-afd9-652ddeb3adfb"
        }
      ],
      "id": "new_topic_dcfd60d5262745ebb84d1e77ca36b54a",
      "displayName": "Dialog for Jak przypiąć czat lub kanał?",
      "createdTime": "2021-09-27T10:34:20.8714704Z",
      "updatedTime": "2021-10-11T10:40:23.0110041Z",
      "createdUserId": "28fac8cb-bec7-48c9-a688-5024cf318b8a",
      "updatedUserId": "28fac8cb-bec7-48c9-a688-5024cf318b8a"
    }
  ],
  "botMessages": [
    {
      "channelContent": {
        "web": {
          "contentFormat": "Markdown",
          "content": "Możesz [przypiąć czaty lub kanały](https://support.microsoft.com/pl-pl/office/pokazywanie-ukrywanie-lub-przypinanie-zespo%C5%82u-lub-kana%C5%82u-w-aplikacji-teams-91a37043-acea-49b0-9dfc-aec37b2e92b8) na początku listy czatów lub listy zespołów."
        }
      },
      "id": "6e821370-4c63-4462-9e25-9f009ec4977b",
      "createdTime": "2021-09-27T10:34:20.8714704Z",
      "updatedTime": "2021-09-27T10:34:20.8714704Z",
      "createdUserId": "28fac8cb-bec7-48c9-a688-5024cf318b8a",
      "updatedUserId": "28fac8cb-bec7-48c9-a688-5024cf318b8a"
    },
    {
      "channelContent": {
        "web": {
          "contentFormat": "Markdown",
          "content": "Wybierz Czat lub Zespół. Znajdź nazwę konwersacji lub kanału, który chcesz przypiąć.\n\nNastępnie wybierz **pozycję ...** > **Przypnij**.\n\nDzięki temu czat lub kanał pozostanie na początku listy."
        }
      },
      "id": "7d9aaa30-70a4-4ed6-adf0-54af9f979295",
      "createdTime": "2021-10-11T10:39:57.125Z",
      "updatedTime": "2021-10-11T10:39:57.125Z",
      "createdUserId": "user-0",
      "updatedUserId": "user-0"
    },
    {
      "channelContent": {
        "web": {
          "contentFormat": "Markdown",
          "content": "Jeśli zmienisz zdanie, po prostu wybierz go ponownie z listy Przypięte i wybierz pozycję **Odepnij**."
        }
      },
      "id": "c8c3a2bc-60db-4bf3-a6a9-982effe44516",
      "createdTime": "2021-10-11T10:40:15.483Z",
      "updatedTime": "2021-10-11T10:40:15.483Z",
      "createdUserId": "user-0",
      "updatedUserId": "user-0"
    }
  ]
}