{
  "intents": [
    {
      "triggerQueries": [
        "Jak mogę wymienić wszystkich na jednym kanale?",
        "Jak mogę powiadomić wszystkich w kanale?",
        "Jak @wzmiankować kanał?",
        "Powiadamianie wszystkich osób w kanale",
        "Wzmiankowanie kanału",
        "Jak mogę wskazać na kanał?"
      ],
      "dialogId": "new_topic_db842ef312274d3a8ba4178c69fddc62",
      "isTriggeringEnabled": true,
      "id": "new_topic_db842ef312274d3a8ba4178c69fddc62",
      "displayName": "Jak mogę wskazać na kanał?",
      "description": "",
      "createdTime": "2021-09-27T05:40:18.2375405Z",
      "updatedTime": "2021-10-18T15:06:48.7721629Z",
      "createdUserId": "28fac8cb-bec7-48c9-a688-5024cf318b8a",
      "updatedUserId": "28fac8cb-bec7-48c9-a688-5024cf318b8a"
    }
  ],
  "dialogs": [
    {
      "rootNodeId": "099b0a73-c0cc-4aa6-bd45-7a7bc83649c0",
      "messageNodes": [
        {
          "botMessageId": "08e5eab1-77da-47cc-ae55-ccecf431bdd7",
          "nodeType": "BotMessageNode",
          "id": "099b0a73-c0cc-4aa6-bd45-7a7bc83649c0",
          "defaultTargetNodeId": "c7bd8b70-8b8f-42ea-8f3d-e086a45c631e"
        },
        {
          "botMessageId": "a2f2f0d7-82e3-4c1c-ab5f-05830bf26b84",
          "nodeType": "BotMessageNode",
          "id": "c7bd8b70-8b8f-42ea-8f3d-e086a45c631e",
          "defaultTargetNodeId": "2d8a85e6-0762-4724-876b-2d5dfbcc1e1d"
        }
      ],
      "dialogChangeNodes": [
        {
          "targetDialogId": "new_topic_d4ee79ce05584b519ee7d416fda7e2a3_aeabea4d071f415c8c107e1cb7af5424_assumedsuccess",
          "nodeType": "DialogChangeNode",
          "id": "2d8a85e6-0762-4724-876b-2d5dfbcc1e1d"
        }
      ],
      "id": "new_topic_db842ef312274d3a8ba4178c69fddc62",
      "displayName": "Dialog for Jak mogę wskazać na kanał?",
      "createdTime": "2021-09-27T05:40:18.2375405Z",
      "updatedTime": "2021-10-18T15:11:46.1298553Z",
      "createdUserId": "28fac8cb-bec7-48c9-a688-5024cf318b8a",
      "updatedUserId": "28fac8cb-bec7-48c9-a688-5024cf318b8a"
    }
  ],
  "botMessages": [
    {
      "channelContent": {
        "web": {
          "contentFormat": "Markdown",
          "content": "Aby przyciągnąć uwagę wszystkich w kanale, @wzmiankuj kanał.\n\nWystarczy wpisać @ przed nazwą kanału, a następnie wybrać kanał z menu, które się pojawi. Używając nazwy @channel, każdy członek kanału otrzymuje powiadomienie.\n\nTyp powiadomienia zależy od ustawień indywidualnych."
        }
      },
      "id": "08e5eab1-77da-47cc-ae55-ccecf431bdd7",
      "createdTime": "2021-09-27T05:40:18.2375405Z",
      "updatedTime": "2021-09-27T05:40:18.2375405Z",
      "createdUserId": "28fac8cb-bec7-48c9-a688-5024cf318b8a",
      "updatedUserId": "28fac8cb-bec7-48c9-a688-5024cf318b8a"
    },
    {
      "channelContent": {
        "web": {
          "contentFormat": "Markdown",
          "content": "💡 **Wskazówka:** Używaj oszczędnie, żeby nie być traktowanym jak spamer, podobnie jak w poczcie opcja \"odpowiedz wszystkim\""
        }
      },
      "id": "a2f2f0d7-82e3-4c1c-ab5f-05830bf26b84",
      "createdTime": "2021-10-18T15:07:18.521Z",
      "updatedTime": "2021-10-18T15:07:18.521Z",
      "createdUserId": "user-0",
      "updatedUserId": "user-0"
    }
  ]
}