{
  "intents": [
    {
      "endUserOverrideName": "Jak rozpocząć prywatną konwersację?",
      "triggerQueries": [
        "Jak rozpocząć czat prywatny?",
        "Jak rozpocząć czat?",
        "wysyłanie wiadomości do osoby z zewnątrz",
        "Napisz wiadomość do osoby z zewnątrz",
        "pisanie wiadomości do osoby",
        "rozpocznij czat 1:1",
        "Jak rozpocząć prywatną konwersację?"
      ],
      "dialogId": "new_topic_5b3277cf7adb4bf2b79ec9ac9db29552",
      "isTriggeringEnabled": true,
      "id": "new_topic_5b3277cf7adb4bf2b79ec9ac9db29552",
      "displayName": "Jak rozpocząć czat?",
      "description": "",
      "createdTime": "2021-09-26T17:41:31.1325166Z",
      "updatedTime": "2021-10-24T19:30:08.1636641Z",
      "createdUserId": "28fac8cb-bec7-48c9-a688-5024cf318b8a",
      "updatedUserId": "28fac8cb-bec7-48c9-a688-5024cf318b8a"
    }
  ],
  "dialogs": [
    {
      "rootNodeId": "59464737-4dfa-48b2-9c1b-e6becb812cf5",
      "messageNodes": [
        {
          "botMessageId": "12eae563-af5e-4d02-8f9e-57810314b9ee",
          "nodeType": "BotMessageNode",
          "id": "59464737-4dfa-48b2-9c1b-e6becb812cf5",
          "defaultTargetNodeId": "e649443e-0934-4576-b9d9-206efe0ae23b"
        },
        {
          "botMessageId": "3d610184-cee1-4723-80cd-873020af301e",
          "nodeType": "BotMessageNode",
          "id": "e649443e-0934-4576-b9d9-206efe0ae23b",
          "defaultTargetNodeId": "be89fd73-e066-422c-a636-c4da9251bc51"
        }
      ],
      "dialogChangeNodes": [
        {
          "targetDialogId": "new_topic_d4ee79ce05584b519ee7d416fda7e2a3_aeabea4d071f415c8c107e1cb7af5424_assumedsuccess",
          "nodeType": "DialogChangeNode",
          "id": "be89fd73-e066-422c-a636-c4da9251bc51"
        }
      ],
      "id": "new_topic_5b3277cf7adb4bf2b79ec9ac9db29552",
      "displayName": "Dialog for Jak rozpocząć prywatną konwersację?",
      "createdTime": "2021-09-26T17:41:31.1325166Z",
      "updatedTime": "2021-10-24T19:31:17.1331548Z",
      "createdUserId": "28fac8cb-bec7-48c9-a688-5024cf318b8a",
      "updatedUserId": "28fac8cb-bec7-48c9-a688-5024cf318b8a"
    }
  ],
  "botMessages": [
    {
      "channelContent": {
        "web": {
          "contentFormat": "Markdown",
          "content": "Na pasku wyszukiwania wpisz imię i nazwisko osoby, z którą chcesz porozmawiać. Wybierz osobę, a następnie wpisz wiadomość i kliknij strzałkę **Wyślij**."
        }
      },
      "id": "12eae563-af5e-4d02-8f9e-57810314b9ee",
      "createdTime": "2021-09-26T17:41:31.1325166Z",
      "updatedTime": "2021-09-26T17:41:31.1325166Z",
      "createdUserId": "28fac8cb-bec7-48c9-a688-5024cf318b8a",
      "updatedUserId": "28fac8cb-bec7-48c9-a688-5024cf318b8a"
    },
    {
      "channelContent": {
        "web": {
          "contentFormat": "Markdown",
          "content": "Jeśli chcesz konwersować z osobą, która nie ma konta w tej samej organizacji Teams, trzeba wpisać jej adres e-mail.\n\n_Uwaga! Komunikacja z osobami z innych organizacji wymaga spełnienia dodatkowych wymagań technicznych w odpowiednich organizacjach:_\n\n[_Komunikowanie się z użytkownikami z innych organizacji w usłudze Microsoft Teams_](https://docs.microsoft.com/pl-PL/microsoftteams/communicate-with-users-from-other-organizations)"
        }
      },
      "id": "3d610184-cee1-4723-80cd-873020af301e",
      "createdTime": "2021-10-24T19:31:08.539Z",
      "updatedTime": "2021-10-24T19:31:08.539Z",
      "createdUserId": "user-0",
      "updatedUserId": "user-0"
    }
  ]
}