{
  "intents": [
    {
      "triggerQueries": [
        "Wyjaśnij, czym jest Teams",
        "Do czego służy aplikacja Teams?",
        "Dlaczego warto korzystać z usługi Teams?",
        "Co można robić w usłudze Teams?",
        "Co jest wspaniałego w usłudze Teams?",
        "Co to jest Microsoft Teams?",
        "Omówienie usługi Microsoft Teams",
        "Czemu korzystać z Teams",
        "Czym jest Microsoft Teams"
      ],
      "dialogId": "new_topic_d4ee79ce05584b519ee7d416fda7e2a3_21a34f1673a24096a99ba0effb63cc1d",
      "isTriggeringEnabled": true,
      "id": "new_topic_d4ee79ce05584b519ee7d416fda7e2a3_21a34f1673a24096a99ba0effb63cc1d",
      "displayName": "Czym jest Microsoft Teams, i czemu powinienem z niego korzystać?",
      "description": "",
      "createdTime": "2019-01-15T00:00:00Z",
      "updatedTime": "2021-09-27T13:33:05.796619Z",
      "createdUserId": "user0",
      "updatedUserId": "28fac8cb-bec7-48c9-a688-5024cf318b8a"
    }
  ],
  "dialogs": [
    {
      "rootNodeId": "c1d915e9-aca4-4aec-b058-ef9e7de9ba21",
      "messageNodes": [
        {
          "botMessageId": "0424e8e1-0f86-45fa-80cb-de7076e1ec3d",
          "nodeType": "BotMessageNode",
          "id": "c1d915e9-aca4-4aec-b058-ef9e7de9ba21",
          "defaultTargetNodeId": "6d5ac8a7-1d23-42bc-b536-1b459939242d"
        },
        {
          "botMessageId": "059559f6-37cd-4ed3-a36c-85c02e219dd7",
          "nodeType": "BotMessageNode",
          "id": "6d5ac8a7-1d23-42bc-b536-1b459939242d",
          "defaultTargetNodeId": "41cfa6a4-32c2-478f-b491-4857e944e170"
        }
      ],
      "dialogChangeNodes": [
        {
          "targetDialogId": "new_topic_d4ee79ce05584b519ee7d416fda7e2a3_aeabea4d071f415c8c107e1cb7af5424_assumedsuccess",
          "nodeType": "DialogChangeNode",
          "id": "41cfa6a4-32c2-478f-b491-4857e944e170"
        }
      ],
      "id": "new_topic_d4ee79ce05584b519ee7d416fda7e2a3_21a34f1673a24096a99ba0effb63cc1d",
      "displayName": "Dialog Odnalezienia najbliższej lokalizacji",
      "createdTime": "2019-01-15T00:00:00Z",
      "updatedTime": "2021-09-26T10:29:06.5041587Z",
      "createdUserId": "user0",
      "updatedUserId": "28fac8cb-bec7-48c9-a688-5024cf318b8a"
    }
  ],
  "botMessages": [
    {
      "channelContent": {
        "web": {
          "contentFormat": "Markdown",
          "content": "Microsoft Teams to aplikacja pozwalająca na współpracę i komunikację z użytkownikami z twojej organizacji i nie tylko.\n\nJest to usługa, która pozwala użytkownikom na wymianę plików, wiadomości, uczestniczenie w spotkaniach, współtworzenie dokumentów i nie tylko. Co najważniejsze, wszystko dostępne jest z jednego miejsca."
        }
      },
      "id": "0424e8e1-0f86-45fa-80cb-de7076e1ec3d",
      "createdTime": "2019-01-15T00:00:00Z",
      "updatedTime": "2021-09-26T10:06:57.9802579Z",
      "createdUserId": "user0",
      "updatedUserId": "28fac8cb-bec7-48c9-a688-5024cf318b8a"
    },
    {
      "channelContent": {
        "web": {
          "contentFormat": "Markdown",
          "content": "Dlaczego warto rozważyć korzystanie z Teams-ów:\n\n*   Współczesny czat, pozwalający na dodawanie plików audio, wideo jak również dzielenie się innymi typami plików\n*   Pozwalają na pracę nad projektami w [prywatnej konwersacji](https://support.microsoft.com/pl-pl/office/rozpoczynanie-czatu-w-aplikacji-teams-0c71b32b-c050-4930-a887-5afbe742b3d8?ui=pl-PL&rs=pl-PL&ad=PL) jak również w [większych zespołach](https://support.microsoft.com/pl-pl/office/zespo%c5%82y-i-kana%c5%82y-5e4fd702-85f5-48d7-ae14-98821a1f90d3?ui=pl-PL&rs=pl-PL&ad=PL)\n*   Ułatwiają dostęp do [plików i dokumentów](https://support.microsoft.com/pl-pl/office/poznawanie-listy-plik%c3%b3w-w-aplikacji-teams-287ba970-2bdf-473d-a2da-76247ea4cf8f?ui=pl-PL&rs=pl-PL&ad=PL) – twoich, jak również zespołowych\n*   Umożliwiają [integrację z twoimi ulubionymi aplikacjami](https://support.microsoft.com/pl-pl/office/pi%c4%99%c4%87-rzeczy-o-kt%c3%b3rych-nale%c5%bcy-wiedzie%c4%87-o-aplikacjach-w-aplikacji-microsoft-teams-747492ee-7cdd-4115-a993-8c7e7f98a3d0?ui=pl-PL&rs=pl-PL&ad=PL), m.in.: Planner, Trello, GitHub i wiele innych"
        }
      },
      "id": "059559f6-37cd-4ed3-a36c-85c02e219dd7",
      "createdTime": "2021-09-26T10:27:31.665Z",
      "updatedTime": "2021-09-26T10:27:31.665Z",
      "createdUserId": "user-0",
      "updatedUserId": "user-0"
    }
  ],
  "createdUtc": "0001-01-01T00:00:00Z"
}