{
  "intents": [
    {
      "triggerQueries": [
        "Czy pliki w usłudze OneDrive w trybie offline są dostępne?",
        "Czy moje zapisane dokumenty w usłudze OneDrive są również dostępne w trybie offline?",
        "Czy pliki w usłudze OneDrive są w trybie offline?",
        "Czy mogę uzyskać dostęp do dokumentów w trybie OneDrive bez Wi-Fi?",
        "Czy mogę uzyskać dostęp do dokumentów bez połączenia?",
        "Czy moje zapisane dokumenty w usłudze OneDrive są dostępne w trybie offline?",
        "Czy pliki zapisane w OneDrive dostępne są również bez dostępu do Internetu?"
      ],
      "dialogId": "new_topic_52f15fd7a68d435ca83fc89fa21ff0e7",
      "isTriggeringEnabled": true,
      "id": "new_topic_52f15fd7a68d435ca83fc89fa21ff0e7",
      "displayName": "Czy pliki zapisane w OneDrive dostępne są również bez dostępu do Internetu?",
      "description": "",
      "createdTime": "2021-09-26T18:09:32.2070627Z",
      "updatedTime": "2021-09-27T13:02:59.3529656Z",
      "createdUserId": "28fac8cb-bec7-48c9-a688-5024cf318b8a",
      "updatedUserId": "28fac8cb-bec7-48c9-a688-5024cf318b8a"
    }
  ],
  "dialogs": [
    {
      "rootNodeId": "28a169d3-ca12-4205-9808-3f12cbc0d067",
      "messageNodes": [
        {
          "botMessageId": "0f642f9c-e5aa-41a0-83cc-b4da0752feae",
          "nodeType": "BotMessageNode",
          "id": "28a169d3-ca12-4205-9808-3f12cbc0d067",
          "defaultTargetNodeId": "fa9c7bea-c32d-48c2-987c-89da70a0faf2"
        },
        {
          "botMessageId": "213c60c8-3f41-4097-a792-22f849af1d42",
          "nodeType": "BotMessageNode",
          "id": "fa9c7bea-c32d-48c2-987c-89da70a0faf2",
          "defaultTargetNodeId": "6b45ce00-90d3-47f7-aa5b-e1eb6096aac9"
        }
      ],
      "dialogChangeNodes": [
        {
          "targetDialogId": "new_topic_d4ee79ce05584b519ee7d416fda7e2a3_aeabea4d071f415c8c107e1cb7af5424_assumedsuccess",
          "nodeType": "DialogChangeNode",
          "id": "6b45ce00-90d3-47f7-aa5b-e1eb6096aac9"
        }
      ],
      "id": "new_topic_52f15fd7a68d435ca83fc89fa21ff0e7",
      "displayName": "Dialog for Czy pliki zapisane w OneDrive dostępne są również bez dostępu do Internetu?",
      "createdTime": "2021-09-26T18:09:32.2070627Z",
      "updatedTime": "2021-10-24T20:33:22.4963061Z",
      "createdUserId": "28fac8cb-bec7-48c9-a688-5024cf318b8a",
      "updatedUserId": "28fac8cb-bec7-48c9-a688-5024cf318b8a"
    }
  ],
  "botMessages": [
    {
      "channelContent": {
        "web": {
          "contentFormat": "Markdown",
          "content": "Jeśli używasz systemu Windows 10, usługa OneDrive jest preinstalowana. Aby uzyskać dostęp do dokumentów, gdy nie masz połączenia z Internetem, otwórz Eksploratora plików na komputerze i przejdź do folderu OneDrive. Po ponownym połączeniu usługa OneDrive aktualizuje wersje online o zmiany wprowadzone w trybie offline."
        }
      },
      "id": "0f642f9c-e5aa-41a0-83cc-b4da0752feae",
      "createdTime": "2021-09-26T18:09:32.2070627Z",
      "updatedTime": "2021-09-26T18:09:32.2070627Z",
      "createdUserId": "28fac8cb-bec7-48c9-a688-5024cf318b8a",
      "updatedUserId": "28fac8cb-bec7-48c9-a688-5024cf318b8a"
    },
    {
      "channelContent": {
        "web": {
          "contentFormat": "Markdown",
          "content": "Więcej informacji można znaleźć\n\n[w usłudze OneDrive dla systemu Windows 10.](https://go.microsoft.com/fwlink/p/?LinkID=717896)"
        }
      },
      "id": "213c60c8-3f41-4097-a792-22f849af1d42",
      "createdTime": "2021-10-24T20:33:16.604Z",
      "updatedTime": "2021-10-24T20:33:16.604Z",
      "createdUserId": "user-0",
      "updatedUserId": "user-0"
    }
  ]
}