{
  "intents": [
    {
      "endUserOverrideName": "Co to jest OneDrive?",
      "triggerQueries": [
        "Czym jest OneDrive?",
        "Wyjaśnij, czym jest usługa OneDrive",
        "Folder dla moich plików?",
        "Co to jest mój inteligentny folder",
        "Zapisywanie plików w usłudze OneDrive",
        "Co oznacza OneDrive",
        "Co to jest OneDrive?"
      ],
      "dialogId": "new_topic_92dad0ce84694576abc891f408360235",
      "isTriggeringEnabled": true,
      "id": "new_topic_92dad0ce84694576abc891f408360235",
      "displayName": "Czym jest OneDrive?",
      "description": "",
      "createdTime": "2021-09-26T18:06:31.2167707Z",
      "updatedTime": "2021-10-24T20:34:38.3504997Z",
      "createdUserId": "28fac8cb-bec7-48c9-a688-5024cf318b8a",
      "updatedUserId": "28fac8cb-bec7-48c9-a688-5024cf318b8a"
    }
  ],
  "dialogs": [
    {
      "rootNodeId": "19fee128-4705-4d1e-878c-7a4d18bf1c0d",
      "messageNodes": [
        {
          "botMessageId": "71d416d0-a3e3-45ce-9192-0b67bc887b24",
          "nodeType": "BotMessageNode",
          "id": "19fee128-4705-4d1e-878c-7a4d18bf1c0d",
          "defaultTargetNodeId": "156a7620-c58b-4016-84db-b252d3f4b964"
        }
      ],
      "dialogChangeNodes": [
        {
          "targetDialogId": "new_topic_d4ee79ce05584b519ee7d416fda7e2a3_aeabea4d071f415c8c107e1cb7af5424_assumedsuccess",
          "nodeType": "DialogChangeNode",
          "id": "156a7620-c58b-4016-84db-b252d3f4b964"
        }
      ],
      "id": "new_topic_92dad0ce84694576abc891f408360235",
      "displayName": "Dialog for Co to jest OneDrive?",
      "createdTime": "2021-09-26T18:06:31.2167707Z",
      "updatedTime": "2021-09-26T18:07:00.1642118Z",
      "createdUserId": "28fac8cb-bec7-48c9-a688-5024cf318b8a",
      "updatedUserId": "28fac8cb-bec7-48c9-a688-5024cf318b8a"
    }
  ],
  "botMessages": [
    {
      "channelContent": {
        "web": {
          "contentFormat": "Markdown",
          "content": "OneDrive to usługa przechowywania plików online, za pomocą której można zapisywać w chmurze dokumenty, notatki, zdjęcia, muzykę, filmy lub inne typy plików. W usłudze OneDrive możesz uzyskiwać dostęp do plików z niemal każdego urządzenia i udostępniać je innym osobom."
        }
      },
      "id": "71d416d0-a3e3-45ce-9192-0b67bc887b24",
      "createdTime": "2021-09-26T18:06:31.2167707Z",
      "updatedTime": "2021-09-26T18:06:31.2167707Z",
      "createdUserId": "28fac8cb-bec7-48c9-a688-5024cf318b8a",
      "updatedUserId": "28fac8cb-bec7-48c9-a688-5024cf318b8a"
    }
  ]
}