{
  "intents": [
    {
      "triggerQueries": [
        "Otwierasz nowe pliki z 365 w starych wersjach pakietu Office?",
        "Otwieranie nowych dokumentów w starych wersjach pakietu Office",
        "Czy mogę pracować z kimś, kto ma starszy Office?",
        "Otwieranie dokumentów w starszych wersjach pakietu Office",
        "czy nowo utworzone pliki w aplikacji Teams mogą być otwierane w starszych wersjach pakietu Office?",
        "Czy starszy Office może otwierać nowe pliki?",
        "Czy użytkownicy korzystający z wcześniejszych wersji Office będą mogli otworzyć dokumenty stworzone przez mnie w Office 365?"
      ],
      "dialogId": "new_topic_17e0096c517147e295550dbc875b8ed0",
      "isTriggeringEnabled": true,
      "id": "new_topic_17e0096c517147e295550dbc875b8ed0",
      "displayName": "Czy użytkownicy korzystający z wcześniejszych wersji Office będą mogli otworzyć dokumenty stworzone przez mnie w Office 365?",
      "description": "",
      "createdTime": "2021-09-26T18:02:35.3936739Z",
      "updatedTime": "2021-10-11T12:56:30.8663332Z",
      "createdUserId": "28fac8cb-bec7-48c9-a688-5024cf318b8a",
      "updatedUserId": "28fac8cb-bec7-48c9-a688-5024cf318b8a"
    }
  ],
  "dialogs": [
    {
      "rootNodeId": "4b3c4887-8267-4375-b67b-4d2b2f5fa8da",
      "messageNodes": [
        {
          "botMessageId": "984c6d3c-fda3-4199-8a4b-4f73ca9a3195",
          "nodeType": "BotMessageNode",
          "id": "4b3c4887-8267-4375-b67b-4d2b2f5fa8da",
          "defaultTargetNodeId": "92f3b815-24e6-4704-8bfc-00401b1b8a3e"
        }
      ],
      "dialogChangeNodes": [
        {
          "targetDialogId": "new_topic_d4ee79ce05584b519ee7d416fda7e2a3_aeabea4d071f415c8c107e1cb7af5424_assumedsuccess",
          "nodeType": "DialogChangeNode",
          "id": "92f3b815-24e6-4704-8bfc-00401b1b8a3e"
        }
      ],
      "id": "new_topic_17e0096c517147e295550dbc875b8ed0",
      "displayName": "Dialog for Czy użytkownicy korzystający z wcześniejszych wersji Office będą mogli otworzyć dokumenty stworzone przez mnie w Office 365?",
      "createdTime": "2021-09-26T18:02:35.3936739Z",
      "updatedTime": "2021-09-26T18:03:12.8448717Z",
      "createdUserId": "28fac8cb-bec7-48c9-a688-5024cf318b8a",
      "updatedUserId": "28fac8cb-bec7-48c9-a688-5024cf318b8a"
    }
  ],
  "botMessages": [
    {
      "channelContent": {
        "web": {
          "contentFormat": "Markdown",
          "content": "Osoby korzystające z aplikacji usługi Office 365, Office 2019, Office 2016, Office 2013 i Office 2010 mogą otwierać dokumenty utworzone przy użyciu usługi Microsoft 365 bez żadnych dalszych działań."
        }
      },
      "id": "984c6d3c-fda3-4199-8a4b-4f73ca9a3195",
      "createdTime": "2021-09-26T18:02:35.3936739Z",
      "updatedTime": "2021-09-26T18:02:35.3936739Z",
      "createdUserId": "28fac8cb-bec7-48c9-a688-5024cf318b8a",
      "updatedUserId": "28fac8cb-bec7-48c9-a688-5024cf318b8a"
    }
  ]
}