{
  "intents": [
    {
      "triggerQueries": [
        "Czatuj z kimś w osobnym oknie",
        "Czy możesz mieć wiele okien w Teams?",
        "Otwórz czat w nowym oknie",
        "otwieranie czatu w nowych oknach",
        "Wyskakujący czat",
        "Wiele okien czatu jednocześnie",
        "Jak włączyć wyskakujące okno chatu?",
        "wiele okien czatów",
        "Jak mogę włączyć czat w osobnym oknie?"
      ],
      "dialogId": "new_topic_a1a25d10a11d4d84b9c447010e5fc978",
      "isTriggeringEnabled": true,
      "id": "new_topic_a1a25d10a11d4d84b9c447010e5fc978",
      "displayName": "Jak mogę włączyć czat w osobnym oknie?",
      "description": "",
      "createdTime": "2021-09-27T10:18:37.7255571Z",
      "updatedTime": "2021-10-11T12:42:59.4756177Z",
      "createdUserId": "28fac8cb-bec7-48c9-a688-5024cf318b8a",
      "updatedUserId": "28fac8cb-bec7-48c9-a688-5024cf318b8a"
    }
  ],
  "dialogs": [
    {
      "rootNodeId": "9db544d5-62a0-415e-be53-9b6498d61ad0",
      "messageNodes": [
        {
          "botMessageId": "6cc0d61d-0506-495c-9279-d3aaa45280df",
          "nodeType": "BotMessageNode",
          "id": "9db544d5-62a0-415e-be53-9b6498d61ad0",
          "defaultTargetNodeId": "a0b50d6f-0ee3-4800-9516-5cbc31cd4257"
        },
        {
          "botMessageId": "dd1364a3-69d0-497a-98ce-1021b1d4007d",
          "nodeType": "BotMessageNode",
          "id": "a0b50d6f-0ee3-4800-9516-5cbc31cd4257",
          "defaultTargetNodeId": "0bbcc86e-09cb-4495-8ad4-ca9093ba7828"
        },
        {
          "botMessageId": "c62f2f57-ad1e-4ed3-ab43-a75d9ee9786b",
          "nodeType": "BotMessageNode",
          "id": "0bbcc86e-09cb-4495-8ad4-ca9093ba7828",
          "defaultTargetNodeId": "ecb1cefa-3a93-480e-9c9e-7e95aa3823f3"
        }
      ],
      "dialogChangeNodes": [
        {
          "targetDialogId": "new_topic_d4ee79ce05584b519ee7d416fda7e2a3_aeabea4d071f415c8c107e1cb7af5424_assumedsuccess",
          "nodeType": "DialogChangeNode",
          "id": "ecb1cefa-3a93-480e-9c9e-7e95aa3823f3"
        }
      ],
      "id": "new_topic_a1a25d10a11d4d84b9c447010e5fc978",
      "displayName": "Dialog for Jak mogę włączyć czat w osobnym oknie?",
      "createdTime": "2021-09-27T10:18:37.7255571Z",
      "updatedTime": "2021-10-11T12:44:04.6379148Z",
      "createdUserId": "28fac8cb-bec7-48c9-a688-5024cf318b8a",
      "updatedUserId": "28fac8cb-bec7-48c9-a688-5024cf318b8a"
    }
  ],
  "botMessages": [
    {
      "channelContent": {
        "web": {
          "contentFormat": "Markdown",
          "content": "Możesz uruchomić chat jeden na jeden lub czat grupowy w osobnym oknie. Następnie można zmienić rozmiar, położenie lub zamknąć okno, kiedy chcesz."
        }
      },
      "id": "6cc0d61d-0506-495c-9279-d3aaa45280df",
      "createdTime": "2021-09-27T10:18:37.7255571Z",
      "updatedTime": "2021-09-27T10:18:37.7255571Z",
      "createdUserId": "28fac8cb-bec7-48c9-a688-5024cf318b8a",
      "updatedUserId": "28fac8cb-bec7-48c9-a688-5024cf318b8a"
    },
    {
      "channelContent": {
        "web": {
          "contentFormat": "Markdown",
          "content": "Jest to świetny sposób, aby zrobić wiele, gdy jesteś w spotkaniu lub w trakcie rozmowy."
        }
      },
      "id": "dd1364a3-69d0-497a-98ce-1021b1d4007d",
      "createdTime": "2021-10-11T12:43:43.405Z",
      "updatedTime": "2021-10-11T12:43:43.405Z",
      "createdUserId": "user-0",
      "updatedUserId": "user-0"
    },
    {
      "channelContent": {
        "web": {
          "contentFormat": "Markdown",
          "content": "**Uwaga:**\n\nMożesz otworzyć okna kilku rozmów, ale nie tego samego czatu dwa razy.\n\n[Czat w oknie Teams](https://support.microsoft.com/pl-pl/office/czat-w-oknie-teams-cff95cb0-34af-423f-8f69-fe9106973790?ui=pl-PL&rs=pl-PL&ad=PL)"
        }
      },
      "id": "c62f2f57-ad1e-4ed3-ab43-a75d9ee9786b",
      "createdTime": "2021-10-11T12:43:55.323Z",
      "updatedTime": "2021-10-11T12:43:55.323Z",
      "createdUserId": "user-0",
      "updatedUserId": "user-0"
    }
  ]
}