{
  "intents": [
    {
      "triggerQueries": [
        "Jak dodać gości do mojego zespołu?",
        "Nie mogę zaprosić gości",
        "Czy mamy dostęp dla gości w Teams?",
        "Dodawanie gości do zespołu",
        "Dlaczego nie mogę zaprosić gości?",
        "Jak dodać do zespołu osobę spoza organizacji?",
        "Jak dodać gości?",
        "Czy mogę dodać do zespołu osoby spoza mojej organizacji?",
        "dodawanie członków zewnętrznych do zespołu",
        "Jak dodać gościa do zespołu?",
        "dodawanie osób z zewnątrz do zespołu",
        "Jak zaprosić osoby z zewnątrz do dołączenia do naszego zespołu?",
        "Jak dodawać gości do zespołów",
        "Czy dostęp dla gości jest wyłączony?",
        "Chcę zaprosić gości do zespołu",
        "Jak mogę dodać gości do zespołu?"
      ],
      "dialogId": "new_topic_44afa4fb50a343de83c8be3c34ba9622",
      "isTriggeringEnabled": true,
      "id": "new_topic_44afa4fb50a343de83c8be3c34ba9622",
      "displayName": "Jak mogę dodać gości do zespołu?",
      "description": "",
      "createdTime": "2021-09-26T17:15:17.5439058Z",
      "updatedTime": "2021-10-21T12:29:03.2877782Z",
      "createdUserId": "28fac8cb-bec7-48c9-a688-5024cf318b8a",
      "updatedUserId": "28fac8cb-bec7-48c9-a688-5024cf318b8a"
    }
  ],
  "dialogs": [
    {
      "rootNodeId": "7bec59b0-68c1-4ed8-bc33-e512dcc996c2",
      "messageNodes": [
        {
          "botMessageId": "2b50db9e-659b-4e5f-8d8b-7b2141f9c173",
          "nodeType": "BotMessageNode",
          "id": "7bec59b0-68c1-4ed8-bc33-e512dcc996c2",
          "defaultTargetNodeId": "c7ce2d4b-6cd2-4952-89f4-06c9ed981999"
        },
        {
          "botMessageId": "2e9ee6cf-e851-4b6b-ad06-5f207927c4a3",
          "nodeType": "BotMessageNode",
          "id": "c7ce2d4b-6cd2-4952-89f4-06c9ed981999",
          "defaultTargetNodeId": "1ba708b3-aa1a-4fe1-bb26-0052fec99fb7"
        },
        {
          "botMessageId": "6b7995c1-13cf-469f-bce3-cd99196991f1",
          "nodeType": "BotMessageNode",
          "id": "ee044c85-b2ee-43bf-bab5-8ab33817f099",
          "defaultTargetNodeId": "4bcc9afd-5d16-403c-afef-25eb2caf84f2"
        },
        {
          "botMessageId": "8260195b-fbd1-4347-a771-63a0f4689779",
          "nodeType": "BotMessageNode",
          "id": "1ba708b3-aa1a-4fe1-bb26-0052fec99fb7",
          "defaultTargetNodeId": "bc5f4f89-4f50-4e9c-9a0d-02d9056b0b46"
        },
        {
          "botMessageId": "09e2314f-5cf1-4a63-9d03-8d922934a212",
          "nodeType": "BotMessageNode",
          "id": "bc5f4f89-4f50-4e9c-9a0d-02d9056b0b46",
          "defaultTargetNodeId": "ee044c85-b2ee-43bf-bab5-8ab33817f099"
        }
      ],
      "dialogChangeNodes": [
        {
          "targetDialogId": "new_topic_d4ee79ce05584b519ee7d416fda7e2a3_aeabea4d071f415c8c107e1cb7af5424_assumedsuccess",
          "nodeType": "DialogChangeNode",
          "id": "4bcc9afd-5d16-403c-afef-25eb2caf84f2"
        }
      ],
      "id": "new_topic_44afa4fb50a343de83c8be3c34ba9622",
      "displayName": "Dialog for Jak mogę dodać gości do zespołu?",
      "createdTime": "2021-09-26T17:15:17.5439058Z",
      "updatedTime": "2021-10-21T12:37:41.8790436Z",
      "createdUserId": "28fac8cb-bec7-48c9-a688-5024cf318b8a",
      "updatedUserId": "28fac8cb-bec7-48c9-a688-5024cf318b8a"
    }
  ],
  "botMessages": [
    {
      "channelContent": {
        "web": {
          "contentFormat": "Markdown",
          "content": "Jeśli **jesteś właścicielem zespołu**, możesz zaprosić do swojego zespołu gości spoza organizacji."
        }
      },
      "id": "2b50db9e-659b-4e5f-8d8b-7b2141f9c173",
      "createdTime": "2021-09-26T17:15:17.5439058Z",
      "updatedTime": "2021-09-26T17:15:17.5439058Z",
      "createdUserId": "28fac8cb-bec7-48c9-a688-5024cf318b8a",
      "updatedUserId": "28fac8cb-bec7-48c9-a688-5024cf318b8a"
    },
    {
      "channelContent": {
        "web": {
          "contentFormat": "Markdown",
          "content": "**Uwaga:**\n\n_Jeśli zostanie wyświetlony błąd uprawnień,_ _prawdopodobnie organizacja nie zezwala na użycie kont gości. Aby uzyskać więcej informacji, skontaktuj się z administratorem Teams._"
        }
      },
      "id": "2e9ee6cf-e851-4b6b-ad06-5f207927c4a3",
      "createdTime": "2021-09-26T17:16:29.522Z",
      "updatedTime": "2021-09-26T17:16:29.522Z",
      "createdUserId": "user-0",
      "updatedUserId": "user-0"
    },
    {
      "channelContent": {
        "web": {
          "contentFormat": "Markdown",
          "content": "Teraz, gdy masz gości w swoim zespole, możesz sprawdzić,\n\n[co twój gość może zrobić,](https://support.microsoft.com/pl-pl/office/funkcje-w%c5%82a%c5%9bciciela-zespo%c5%82u-cz%c5%82onka-oraz-go%c5%9bcia-w-us%c5%82udze-teams-d03fdf5b-1a6e-48e4-8e07-b13e1350ec7b?ui=pl-PL&rs=pl-PL&ad=PL)\n\nw ramach danego zespołu lub jakie ustawienia możesz\n\n[zmienić dla](https://support.microsoft.com/pl-PL/office/set-guest-permissions-for-channels-in-teams-4756c468-2746-4bfd-a582-736d55fcc169) [swoich](https://support.microsoft.com/pl-pl/office/funkcje-w%c5%82a%c5%9bciciela-zespo%c5%82u-cz%c5%82onka-oraz-go%c5%9bcia-w-us%c5%82udze-teams-d03fdf5b-1a6e-48e4-8e07-b13e1350ec7b?ui=pl-PL&rs=pl-PL&ad=PL) [gości.](https://support.microsoft.com/pl-PL/office/set-guest-permissions-for-channels-in-teams-4756c468-2746-4bfd-a582-736d55fcc169)"
        }
      },
      "id": "6b7995c1-13cf-469f-bce3-cd99196991f1",
      "createdTime": "2021-09-26T17:17:08.4Z",
      "updatedTime": "2021-09-26T17:17:08.4Z",
      "createdUserId": "user-0",
      "updatedUserId": "user-0"
    },
    {
      "channelContent": {
        "web": {
          "contentFormat": "Markdown",
          "content": "[**Dodawanie gości do zespołu.**](https://support.microsoft.com/pl-pl/office/dodawanie-go%C5%9Bci-do-zespo%C5%82u-w-us%C5%82udze-teams-fccb4fa6-f864-4508-bdde-256e7384a14f)\n\n1.  Przejdź do nazwy zespołu,\n2.  Kliknij **Więcej opcji (...),**\n3.  Kliknij **Dodaj członków,**\n4.  Wpisz adres e-mail gościa.\n5.  Kliknij znaczek ołówka, żeby nadać gościowi przyjazną nazwę, (np. Imię Nazwisko), a dopiero potem kliknij **Dodaj**."
        }
      },
      "id": "8260195b-fbd1-4347-a771-63a0f4689779",
      "createdTime": "2021-10-21T12:30:50.304Z",
      "updatedTime": "2021-10-21T12:30:50.304Z",
      "createdUserId": "user-0",
      "updatedUserId": "user-0"
    },
    {
      "channelContent": {
        "web": {
          "contentFormat": "Markdown",
          "content": "💡 **Wskazówka:** Przyjazna nazwa ułatwi np. @wzmiankowanie gościa po imieniu/nazwisku"
        }
      },
      "id": "09e2314f-5cf1-4a63-9d03-8d922934a212",
      "createdTime": "2021-10-21T12:36:10.1Z",
      "updatedTime": "2021-10-21T12:36:10.1Z",
      "createdUserId": "user-0",
      "updatedUserId": "user-0"
    }
  ]
}