{
  "intents": [
    {
      "triggerQueries": [
        "Tworzenie zespołu",
        "Jak utworzyć zespół?",
        "Jak mogę stworzyć nowy zespół?"
      ],
      "dialogId": "new_topic_bbaa709c16fd4bc793a0f7418094b471",
      "isTriggeringEnabled": true,
      "id": "new_topic_bbaa709c16fd4bc793a0f7418094b471",
      "displayName": "Jak mogę stworzyć nowy zespół?",
      "description": "",
      "createdTime": "2021-09-26T11:07:18.7511564Z",
      "updatedTime": "2021-10-21T09:43:57.3104525Z",
      "createdUserId": "28fac8cb-bec7-48c9-a688-5024cf318b8a",
      "updatedUserId": "28fac8cb-bec7-48c9-a688-5024cf318b8a"
    }
  ],
  "dialogs": [
    {
      "rootNodeId": "4345b150-cd48-458a-a297-36df35a35222",
      "dialogChangeNodes": [
        {
          "targetDialogId": "new_topic_d4ee79ce05584b519ee7d416fda7e2a3_aeabea4d071f415c8c107e1cb7af5424_assumedsuccess",
          "nodeType": "DialogChangeNode",
          "id": "9b796b0a-7055-409d-8a18-c4e784befddd"
        },
        {
          "targetDialogId": "new_topic_6a81979d84014b5f9e2b34974f3cb29f",
          "nodeType": "DialogChangeNode",
          "id": "4345b150-cd48-458a-a297-36df35a35222",
          "defaultTargetNodeId": "9b796b0a-7055-409d-8a18-c4e784befddd"
        }
      ],
      "id": "new_topic_bbaa709c16fd4bc793a0f7418094b471",
      "displayName": "Dialog for Jak mogę stworzyć nowy zespół",
      "createdTime": "2021-09-26T11:07:18.7511564Z",
      "updatedTime": "2021-10-21T09:42:42.3790099Z",
      "createdUserId": "28fac8cb-bec7-48c9-a688-5024cf318b8a",
      "updatedUserId": "28fac8cb-bec7-48c9-a688-5024cf318b8a"
    }
  ]
}