{
  "intents": [
    {
      "triggerQueries": [
        "Chcę ukryć niektóre kanały",
        "Jak przestać widzieć kanał?",
        "Jak przestać obserwować kanał?",
        "Nie chcę widzieć określonego kanału",
        "Czy mogę ukryć kanały?",
        "Przestań obserwować kanał",
        "Gdzie jest opcja ukrycia kanału?",
        "Jakie kroki należy wykonać, aby ukryć kanał?",
        "Jak ukryć kanał?"
      ],
      "dialogId": "new_topic_846c48b81664490186d79df93b8c940a",
      "isTriggeringEnabled": true,
      "id": "new_topic_846c48b81664490186d79df93b8c940a",
      "displayName": "Jak ukryć kanał?",
      "description": "",
      "createdTime": "2021-09-26T17:52:47.8539847Z",
      "updatedTime": "2021-10-20T15:23:46.4167001Z",
      "createdUserId": "28fac8cb-bec7-48c9-a688-5024cf318b8a",
      "updatedUserId": "28fac8cb-bec7-48c9-a688-5024cf318b8a"
    }
  ],
  "dialogs": [
    {
      "rootNodeId": "a58f83b9-d377-423e-9a3d-d10a6c2d61ed",
      "messageNodes": [
        {
          "botMessageId": "d92d5299-1524-419b-ae96-74048a3212f9",
          "nodeType": "BotMessageNode",
          "id": "a58f83b9-d377-423e-9a3d-d10a6c2d61ed",
          "defaultTargetNodeId": "0ad6d143-8e63-43cf-88fc-3fa164d3ef85"
        }
      ],
      "dialogChangeNodes": [
        {
          "targetDialogId": "new_topic_d4ee79ce05584b519ee7d416fda7e2a3_aeabea4d071f415c8c107e1cb7af5424_assumedsuccess",
          "nodeType": "DialogChangeNode",
          "id": "0ad6d143-8e63-43cf-88fc-3fa164d3ef85"
        }
      ],
      "id": "new_topic_846c48b81664490186d79df93b8c940a",
      "displayName": "Dialog for Jak ukryć kanał?",
      "createdTime": "2021-09-26T17:52:47.8539847Z",
      "updatedTime": "2021-09-26T17:53:22.6482795Z",
      "createdUserId": "28fac8cb-bec7-48c9-a688-5024cf318b8a",
      "updatedUserId": "28fac8cb-bec7-48c9-a688-5024cf318b8a"
    }
  ],
  "botMessages": [
    {
      "channelContent": {
        "web": {
          "contentFormat": "Markdown",
          "content": "Przejdź do nazwy zespołu i kliknij pozycję **... > Ukryj**."
        }
      },
      "id": "d92d5299-1524-419b-ae96-74048a3212f9",
      "createdTime": "2021-09-26T17:52:47.8539847Z",
      "updatedTime": "2021-09-26T17:52:47.8539847Z",
      "createdUserId": "28fac8cb-bec7-48c9-a688-5024cf318b8a",
      "updatedUserId": "28fac8cb-bec7-48c9-a688-5024cf318b8a"
    }
  ]
}