{
  "intents": [
    {
      "triggerQueries": [
        "Jak wyszukiwać w aplikacji Teams?",
        "Jak działa wyszukiwanie?",
        "Jak przeszukiwać zespoły w Teams?",
        "Jak skutecznie wyszukiwać w usłudze Teams?",
        "Czy możesz dać mi wskazówki dotyczące wyszukiwania?",
        "wyszukiwanie w aplikacji Teams",
        "korzystanie z filtrów wyszukiwania w aplikacji Teams",
        "korzystanie z wyszukiwania w aplikacji Teams",
        "Jak korzystać z paska wyszukiwania?",
        "Jak mogę wyszukiwać w Teams?"
      ],
      "dialogId": "new_topic_fd22759d5cce4fe88b8b5c3bbdfa8eed",
      "isTriggeringEnabled": true,
      "id": "new_topic_fd22759d5cce4fe88b8b5c3bbdfa8eed",
      "displayName": "Jak mogę wyszukiwać w Teams?",
      "description": "",
      "createdTime": "2021-09-27T10:09:53.432439Z",
      "updatedTime": "2021-10-11T13:34:23.9560714Z",
      "createdUserId": "28fac8cb-bec7-48c9-a688-5024cf318b8a",
      "updatedUserId": "28fac8cb-bec7-48c9-a688-5024cf318b8a"
    }
  ],
  "dialogs": [
    {
      "rootNodeId": "dbc7f915-c0f7-4219-9200-052ee02f8a00",
      "messageNodes": [
        {
          "botMessageId": "cd5d15a8-67ce-4c6f-93a1-abc2556a84a4",
          "nodeType": "BotMessageNode",
          "id": "1a5f61ea-eac9-4129-bcfa-e647ef67cce2",
          "defaultTargetNodeId": "eb7df16f-1546-4d5d-a0d2-8179e683839e"
        },
        {
          "botMessageId": "756dfdae-1c47-4d64-bfaf-fa1922e01d0f",
          "nodeType": "BotMessageNode",
          "id": "eb7df16f-1546-4d5d-a0d2-8179e683839e",
          "defaultTargetNodeId": "a3074490-feee-4adb-831a-be0e3f26824e"
        },
        {
          "botMessageId": "04c27d82-2d83-460d-b9fd-e60fa390b547",
          "nodeType": "BotMessageNode",
          "id": "dbc7f915-c0f7-4219-9200-052ee02f8a00",
          "defaultTargetNodeId": "26f8d59f-a2e8-4d8f-9994-c6edf2ddcee8"
        },
        {
          "botMessageId": "d9a0786d-4ee5-4f20-af28-8f9d511266bc",
          "nodeType": "BotMessageNode",
          "id": "26f8d59f-a2e8-4d8f-9994-c6edf2ddcee8",
          "defaultTargetNodeId": "cbc8d75d-27de-4ab8-a2ea-e5ff7e22159c"
        },
        {
          "botMessageId": "5a257d52-07dc-4fc9-81a9-8628a6c999d9",
          "nodeType": "BotMessageNode",
          "id": "cbc8d75d-27de-4ab8-a2ea-e5ff7e22159c",
          "defaultTargetNodeId": "1a5f61ea-eac9-4129-bcfa-e647ef67cce2"
        }
      ],
      "dialogChangeNodes": [
        {
          "targetDialogId": "new_topic_d4ee79ce05584b519ee7d416fda7e2a3_aeabea4d071f415c8c107e1cb7af5424_assumedsuccess",
          "nodeType": "DialogChangeNode",
          "id": "a3074490-feee-4adb-831a-be0e3f26824e"
        }
      ],
      "id": "new_topic_fd22759d5cce4fe88b8b5c3bbdfa8eed",
      "displayName": "Dialog for Jak mogę wyszukiwać w Teams?",
      "createdTime": "2021-09-27T10:09:53.432439Z",
      "updatedTime": "2021-10-11T13:43:43.7177837Z",
      "createdUserId": "28fac8cb-bec7-48c9-a688-5024cf318b8a",
      "updatedUserId": "28fac8cb-bec7-48c9-a688-5024cf318b8a"
    }
  ],
  "botMessages": [
    {
      "channelContent": {
        "web": {
          "contentFormat": "Markdown",
          "content": "Masz kilka opcji [wyszukiwania i filtrowania, które ułatwiają znajdowanie wiadomości](https://support.microsoft.com/pl-pl/office/wyszukiwanie-wiadomo%C5%9Bci-i-innych-funkcji-w-teams-4a351520-33f4-42ab-a5ee-5fc0ab88b263), osób, plików i innych informacji udostępnionych w aplikacji Teams."
        }
      },
      "id": "cd5d15a8-67ce-4c6f-93a1-abc2556a84a4",
      "createdTime": "2021-09-27T10:09:53.432439Z",
      "updatedTime": "2021-09-27T10:09:53.432439Z",
      "createdUserId": "28fac8cb-bec7-48c9-a688-5024cf318b8a",
      "updatedUserId": "28fac8cb-bec7-48c9-a688-5024cf318b8a"
    },
    {
      "channelContent": {
        "web": {
          "contentFormat": "Markdown",
          "content": "**Podpowiedź:**\n\nUżyj CTRL + F (CMD + F na macOS), aby znaleźć wiadomości, gdy jesteś w określonym czacie lub kanale w zespołach."
        }
      },
      "id": "756dfdae-1c47-4d64-bfaf-fa1922e01d0f",
      "createdTime": "2021-10-11T13:35:29.821Z",
      "updatedTime": "2021-10-11T13:35:29.821Z",
      "createdUserId": "user-0",
      "updatedUserId": "user-0"
    },
    {
      "channelContent": {
        "web": {
          "contentFormat": "Markdown",
          "content": "[Wyszukiwanie wiadomości i innych opcji w zespołach](https://support.microsoft.com/pl-pl/office/wyszukiwanie-wiadomo%c5%9bci-i-innych-funkcji-w-teams-4a351520-33f4-42ab-a5ee-5fc0ab88b263?ui=pl-PL&rs=pl-PL&ad=PL)."
        }
      },
      "id": "04c27d82-2d83-460d-b9fd-e60fa390b547",
      "createdTime": "2021-10-11T13:35:57.73Z",
      "updatedTime": "2021-10-11T13:35:57.73Z",
      "createdUserId": "user-0",
      "updatedUserId": "user-0"
    },
    {
      "channelContent": {
        "web": {
          "contentFormat": "Markdown",
          "content": "**Na komputerze 💻**\n\nRozpocznij wyszukiwanie w polu wyszukiwania u góry aplikacji. Po wpisaniu wyrazu lub nazwy zespołu zaczną wyświetlać się sugestie. Kliknij jeden z sugerowanych elementów lub naciśnij klawisz Enter, aby uzyskać pełną listę wyników. Zostaniesz przeniesiony na stronę wyników wyszukiwania. Wybierz jeden z elementów, aby uzyskać pełny widok na nim lub użyć dodatkowych filtrów."
        }
      },
      "id": "d9a0786d-4ee5-4f20-af28-8f9d511266bc",
      "createdTime": "2021-10-11T13:36:34.857Z",
      "updatedTime": "2021-10-11T13:36:34.857Z",
      "createdUserId": "user-0",
      "updatedUserId": "user-0"
    },
    {
      "channelContent": {
        "web": {
          "contentFormat": "Markdown",
          "content": "**Na telefonie 📲**\n\nKliknij **Szukaj** i wpisz szukaną treść. Kliknij **Wiadomości** lub **Kontakty**, żeby zawęzić obszar poszukiwań"
        }
      },
      "id": "5a257d52-07dc-4fc9-81a9-8628a6c999d9",
      "createdTime": "2021-10-11T13:39:52.942Z",
      "updatedTime": "2021-10-11T13:39:52.942Z",
      "createdUserId": "user-0",
      "updatedUserId": "user-0"
    }
  ]
}