{
  "intents": [
    {
      "triggerQueries": [
        "Jak otworzyć plik w programie SharePoint z aplikacji Teams?",
        "zarządzanie dokumentami w programie SharePoint",
        "Gdzie mogę uzyskać dostęp do moich dokumentów poza teams?",
        "Dostęp do plików mojego zespołu za pomocą Eksploratora plików",
        "synchronizacja plików zespołu z eksploratorem",
        "Praca z dokumentami z programu SharePoint w zespole",
        "Wyświetlanie plików zespołów w Eksploratorze Windows",
        "otwieranie dokumentu zespołu w programie SharePoint",
        "Otwieranie pliku aplikacji Teams w programie SharePoint",
        "wyświetlanie plików w programie SharePoint",
        "synchronizacja dokumentów z eksploratorem plików",
        "synchronizuj dokumenty zespołów z moim laptopem",
        "synchronizowanie dokumentów z zespołów na komputer",
        "Czy mogę otwierać dokumenty zespołu w zwykłym folderze?",
        "otwieranie dokumentów z Teams w normalnym folderze",
        "Synchronizowanie plików programu SharePoint i aplikacji Teams z komputerem",
        "Jak zsynchronizować folder Teams z komputerem lokalnym",
        "Jak otworzyć plik z Teams bezpośrednio w SharePoint"
      ],
      "dialogId": "new_topic_950a7e04d32a42228581e254f0384b7f",
      "isTriggeringEnabled": true,
      "id": "new_topic_950a7e04d32a42228581e254f0384b7f",
      "displayName": "Jak otworzyć plik z Teams bezpośrednio w SharePoint",
      "description": "",
      "createdTime": "2021-09-27T05:18:10.0062312Z",
      "updatedTime": "2021-10-20T14:39:54.0072773Z",
      "createdUserId": "28fac8cb-bec7-48c9-a688-5024cf318b8a",
      "updatedUserId": "28fac8cb-bec7-48c9-a688-5024cf318b8a"
    }
  ],
  "dialogs": [
    {
      "rootNodeId": "4378cd38-7a02-4745-9797-a92a599611b8",
      "messageNodes": [
        {
          "botMessageId": "0fd32e98-3499-456a-91dd-3932f19f6cc0",
          "nodeType": "BotMessageNode",
          "id": "04ec95ea-0fd4-4675-bb4d-9672cb61ffe8",
          "defaultTargetNodeId": "e4bbadff-5788-4962-99d7-b7b2d778e176"
        },
        {
          "botMessageId": "4b0c1ebd-50d9-48ed-8b61-cfbc024fe43b",
          "nodeType": "BotMessageNode",
          "id": "e4bbadff-5788-4962-99d7-b7b2d778e176",
          "defaultTargetNodeId": "52ac894a-a085-4c97-9e97-aeeef919f0a7"
        },
        {
          "botMessageId": "70e41fc9-7425-4978-a256-2a87adc7a621",
          "nodeType": "BotMessageNode",
          "id": "4378cd38-7a02-4745-9797-a92a599611b8",
          "defaultTargetNodeId": "04ec95ea-0fd4-4675-bb4d-9672cb61ffe8"
        }
      ],
      "dialogChangeNodes": [
        {
          "targetDialogId": "new_topic_d4ee79ce05584b519ee7d416fda7e2a3_aeabea4d071f415c8c107e1cb7af5424_assumedsuccess",
          "nodeType": "DialogChangeNode",
          "id": "52ac894a-a085-4c97-9e97-aeeef919f0a7"
        }
      ],
      "id": "new_topic_950a7e04d32a42228581e254f0384b7f",
      "displayName": "Dialog for Jak otworzyć plik z Teams bezpośrednio w SharePoint",
      "createdTime": "2021-09-27T05:18:10.0062312Z",
      "updatedTime": "2021-10-20T14:42:14.3268159Z",
      "createdUserId": "28fac8cb-bec7-48c9-a688-5024cf318b8a",
      "updatedUserId": "28fac8cb-bec7-48c9-a688-5024cf318b8a"
    }
  ],
  "botMessages": [
    {
      "channelContent": {
        "web": {
          "contentFormat": "Markdown",
          "content": "Jeśli wybierzesz opcję \"**Otwórz w programie SharePoint**\" z opcji dokumentu w programie Teams (zakładka Pliki kanału), otrzymasz dodatkowe sposoby zarządzania dokumentem:\n\n*   Znajdowanie i otwieranie poprzednich wersji dokumentu przy użyciu funkcji historii dokumentów.\n*   Synchronizacja z usługą OneDrive dla Firm przy użyciu klienta synchronizacji usługi OneDrive w celu wyświetlenia bibliotek dokumentów Teams w Eksploratorze plików.\n*   Wyświetlanie i zarządzanie prawami dostępu do dokumentu."
        }
      },
      "id": "0fd32e98-3499-456a-91dd-3932f19f6cc0",
      "createdTime": "2021-09-27T05:18:10.0062312Z",
      "updatedTime": "2021-09-27T05:18:10.0062312Z",
      "createdUserId": "28fac8cb-bec7-48c9-a688-5024cf318b8a",
      "updatedUserId": "28fac8cb-bec7-48c9-a688-5024cf318b8a"
    },
    {
      "channelContent": {
        "web": {
          "contentFormat": "Markdown",
          "content": "💡 **Wskazówka:**\n\nUnikaj wprowadzania zmian w plikach lub folderach w widoku programu SharePoint. Jeśli to możliwe, zrób to bezpośrednio w Teams."
        }
      },
      "id": "4b0c1ebd-50d9-48ed-8b61-cfbc024fe43b",
      "createdTime": "2021-09-27T05:18:42.418Z",
      "updatedTime": "2021-09-27T05:18:42.418Z",
      "createdUserId": "user-0",
      "updatedUserId": "user-0"
    },
    {
      "channelContent": {
        "web": {
          "contentFormat": "Markdown",
          "content": "[Zobacz oficjalny przewodnik](https://support.microsoft.com/pl-pl/office/synchronizowanie-plik%C3%B3w-programu-sharepoint-i-aplikacji-teams-z-twoim-komputerem-6de9ede8-5b6e-4503-80b2-6190f3354a88)"
        }
      },
      "id": "70e41fc9-7425-4978-a256-2a87adc7a621",
      "createdTime": "2021-10-20T14:40:45.67Z",
      "updatedTime": "2021-10-20T14:40:45.67Z",
      "createdUserId": "user-0",
      "updatedUserId": "user-0"
    }
  ]
}