{
  "intents": [
    {
      "triggerQueries": [
        "Przycisk w programie Outlook, aby dodać spotkanie Teams",
        "Dodatek Spotkania w Teams programu Outlook",
        "Gdzie jest dodatek programu Outlook do spotkań usługi Teams?",
        "zarezerwuj spotkanie zespołów w programie Outlook",
        "Dodatek programu Outlook dla spotkań usługi Teams",
        "Gdzie mogę znaleźć dodatek do spotkań Teams w aplikacji Outlook?"
      ],
      "dialogId": "new_topic_b9f86c7c3af042cf9f1821bb2755a421",
      "isTriggeringEnabled": true,
      "id": "new_topic_b9f86c7c3af042cf9f1821bb2755a421",
      "displayName": "Gdzie mogę znaleźć dodatek do spotkań Teams w aplikacji Outlook?",
      "description": "",
      "createdTime": "2021-09-27T10:10:57.4809737Z",
      "updatedTime": "2021-10-11T13:29:15.9542416Z",
      "createdUserId": "28fac8cb-bec7-48c9-a688-5024cf318b8a",
      "updatedUserId": "28fac8cb-bec7-48c9-a688-5024cf318b8a"
    }
  ],
  "dialogs": [
    {
      "rootNodeId": "703bb546-5401-4f0f-a1b2-c62e962ef466",
      "messageNodes": [
        {
          "botMessageId": "02a87d9b-8460-4bc4-8665-99be501837d7",
          "nodeType": "BotMessageNode",
          "id": "703bb546-5401-4f0f-a1b2-c62e962ef466",
          "defaultTargetNodeId": "04c9c67d-a276-4560-bf97-2d53ae173499"
        },
        {
          "botMessageId": "8011bd17-c2c3-4f5c-b848-c92a63548996",
          "nodeType": "BotMessageNode",
          "id": "04c9c67d-a276-4560-bf97-2d53ae173499",
          "defaultTargetNodeId": "750c8fb3-355c-47cf-832b-2eef3be3c4b2"
        },
        {
          "botMessageId": "5a757de4-0287-4d2d-831d-c1def5375f21",
          "nodeType": "BotMessageNode",
          "id": "750c8fb3-355c-47cf-832b-2eef3be3c4b2",
          "defaultTargetNodeId": "1be68e92-0df1-45e0-b8f1-ae72baa2d108"
        }
      ],
      "dialogChangeNodes": [
        {
          "targetDialogId": "new_topic_d4ee79ce05584b519ee7d416fda7e2a3_aeabea4d071f415c8c107e1cb7af5424_assumedsuccess",
          "nodeType": "DialogChangeNode",
          "id": "1be68e92-0df1-45e0-b8f1-ae72baa2d108"
        }
      ],
      "id": "new_topic_b9f86c7c3af042cf9f1821bb2755a421",
      "displayName": "Dialog for Gdzie mogę znaleźć dodatek do spotkań Teams w aplikacji Outlook?",
      "createdTime": "2021-09-27T10:10:57.4809737Z",
      "updatedTime": "2021-10-11T13:30:33.3305829Z",
      "createdUserId": "28fac8cb-bec7-48c9-a688-5024cf318b8a",
      "updatedUserId": "28fac8cb-bec7-48c9-a688-5024cf318b8a"
    }
  ],
  "botMessages": [
    {
      "channelContent": {
        "web": {
          "contentFormat": "Markdown",
          "content": "Dodatek **Spotkanie w aplikacji Teams** jest automatycznie instalowany dla użytkowników, którzy mają pakiet Microsoft Teams i pakiet Office 2013, Office 2016 lub Office 2019 zainstalowany na komputerze z systemem Windows."
        }
      },
      "id": "02a87d9b-8460-4bc4-8665-99be501837d7",
      "createdTime": "2021-09-27T10:10:57.4809737Z",
      "updatedTime": "2021-09-27T10:10:57.4809737Z",
      "createdUserId": "28fac8cb-bec7-48c9-a688-5024cf318b8a",
      "updatedUserId": "28fac8cb-bec7-48c9-a688-5024cf318b8a"
    },
    {
      "channelContent": {
        "web": {
          "contentFormat": "Markdown",
          "content": "Użytkownicy widzą na wstążce w kalendarzu programu Outlook przycisk Spotkanie w aplikacji Teams.\n\nKorzystanie [z dodatku Spotkania zespołów w programie Outlook](https://docs.microsoft.com/en-us/microsoftteams/teams-add-in-for-outlook)"
        }
      },
      "id": "8011bd17-c2c3-4f5c-b848-c92a63548996",
      "createdTime": "2021-10-11T13:29:52.597Z",
      "updatedTime": "2021-10-11T13:29:52.597Z",
      "createdUserId": "user-0",
      "updatedUserId": "user-0"
    },
    {
      "channelContent": {
        "web": {
          "contentFormat": "Markdown",
          "content": "W przypadku aplikacji Outlook w sieci Web spotkania Teams są tworzone automatycznie, gdy uczestnicy są zapraszani (funkcję można wyłączyć)."
        }
      },
      "id": "5a757de4-0287-4d2d-831d-c1def5375f21",
      "createdTime": "2021-10-11T13:30:23.178Z",
      "updatedTime": "2021-10-11T13:30:23.178Z",
      "createdUserId": "user-0",
      "updatedUserId": "user-0"
    }
  ]
}