{
  "intents": [
    {
      "triggerQueries": [
        "Kto może tworzyć wydarzenia na żywo?",
        "Kto może zrobić Zdarzenie na żywo?",
        "Kto może zrobić wydarzenie na żywo?",
        "Kto może organizować wydarzenia w usłudze Teams?",
        "Czy każdy może tworzyć wydarzenia na żywo w usłudze Teams?",
        "Kto może tworzyć Zdarzenia na żywo?"
      ],
      "dialogId": "new_topic_ff13115310b14bd19ab3370e98fa93f6",
      "isTriggeringEnabled": true,
      "id": "new_topic_ff13115310b14bd19ab3370e98fa93f6",
      "displayName": "Kto może tworzyć Zdarzenia na żywo?",
      "description": "",
      "createdTime": "2021-09-27T10:30:18.9784336Z",
      "updatedTime": "2021-09-27T13:49:22.516769Z",
      "createdUserId": "28fac8cb-bec7-48c9-a688-5024cf318b8a",
      "updatedUserId": "28fac8cb-bec7-48c9-a688-5024cf318b8a"
    }
  ],
  "dialogs": [
    {
      "rootNodeId": "71ae3437-177f-48c1-b062-6c3b4f822dab",
      "messageNodes": [
        {
          "botMessageId": "42447ff3-e7b6-45e5-a8f5-15fe82f0a9e5",
          "nodeType": "BotMessageNode",
          "id": "71ae3437-177f-48c1-b062-6c3b4f822dab",
          "defaultTargetNodeId": "a544b5aa-bd44-42ec-af97-103c42029917"
        }
      ],
      "dialogChangeNodes": [
        {
          "targetDialogId": "new_topic_d4ee79ce05584b519ee7d416fda7e2a3_aeabea4d071f415c8c107e1cb7af5424_assumedsuccess",
          "nodeType": "DialogChangeNode",
          "id": "a544b5aa-bd44-42ec-af97-103c42029917"
        }
      ],
      "id": "new_topic_ff13115310b14bd19ab3370e98fa93f6",
      "displayName": "Dialog for Kto może tworzyć Zdarzenia na żywo?",
      "createdTime": "2021-09-27T10:30:18.9784336Z",
      "updatedTime": "2021-09-27T10:31:25.7861314Z",
      "createdUserId": "28fac8cb-bec7-48c9-a688-5024cf318b8a",
      "updatedUserId": "28fac8cb-bec7-48c9-a688-5024cf318b8a"
    }
  ],
  "botMessages": [
    {
      "channelContent": {
        "web": {
          "contentFormat": "Markdown",
          "content": "Aby utworzyć wydarzenie na żywo, należy mieć przypisaną licencję Microsoft/Office 365 Enterprise E3/A3lub E5/A5.\n\n_(Administrator IT może podać więcej informacji)_\n\n**Następnie wymagane jest przeprowadzenie następujących kroków:**\n\n*   Nadanie uprawnienia do tworzenia wydarzeń na żywo w usłudze Microsoft Teams Admin Center.\n*   Nadanie uprawnienia do tworzenia wydarzeń na żywo w usłudze Microsoft Stream (dla zdarzeń wyprodukowanych przy użyciu zewnętrznej aplikacji lub sprzętu emisji).\n*   Pełne członkostwo w zespole naszej organizacji (nie może być gościem lub osobą z innej organizacji).\n*   Planowanie spotkań prywatnych, udostępnianie ekranu i udostępnianie wideo po IP, włączone w zasadach spotkań Teams.\n\nWięcej informacji można znaleźć tutaj: [Wprowadzenie do wydarzeń na żywo w usłudze Microsoft Teams](https://support.microsoft.com/pl-pl/office/wprowadzenie-do-wydarze%c5%84-na-%c5%bcywo-w-aplikacji-microsoft-teams-d077fec2-a058-483e-9ab5-1494afda578a?ui=pl-PL&rs=pl-PL&ad=PL)."
        }
      },
      "id": "42447ff3-e7b6-45e5-a8f5-15fe82f0a9e5",
      "createdTime": "2021-09-27T10:30:18.9784336Z",
      "updatedTime": "2021-09-27T10:30:18.9784336Z",
      "createdUserId": "28fac8cb-bec7-48c9-a688-5024cf318b8a",
      "updatedUserId": "28fac8cb-bec7-48c9-a688-5024cf318b8a"
    }
  ],
  "createdUtc": "0001-01-01T00:00:00Z"
}