{
  "intents": [
    {
      "endUserOverrideName": "Ochrona danych",
      "triggerQueries": [
        "czy można sprawdzić logi w Teams?",
        "Zgodność w usłudze Teams",
        "Zaawansowana ochrona przed zagrożeniami dla platformy Microsoft 365",
        "archiwizacja w Teams",
        "Dostęp warunkowy",
        "Dostęp warunkowy do Teams",
        "Chroń nasze informacje w usłudze Teams",
        "Jakie rodzaje ochrony informacji oferuje usługa Teams?",
        "Jaki rodzaj ochrony informacji oferuje usługa Teams?",
        "MDM",
        "Obsługa MDM za pośrednictwem usługi Intune",
        "MAM",
        "blokada prawna",
        "Zbieranie elektronicznych materiałów dowodowych w Teams",
        "Zaawansowana ochrona przed zagrożeniami",
        "funkcje zgodności w Teams",
        "zasady zgodności w Teams",
        "Ochrona informacji oferowana przez Teams",
        "Ochrona danych",
        "Jak Teams chroni dane?"
      ],
      "dialogId": "new_topic_b0fcc917f8a84fcf943fb9b771cfc674",
      "isTriggeringEnabled": true,
      "id": "new_topic_b0fcc917f8a84fcf943fb9b771cfc674",
      "displayName": "Jak Teams chroni dane?",
      "description": "",
      "createdTime": "2021-09-26T17:32:09.5106175Z",
      "updatedTime": "2021-10-24T19:13:53.4203331Z",
      "createdUserId": "28fac8cb-bec7-48c9-a688-5024cf318b8a",
      "updatedUserId": "28fac8cb-bec7-48c9-a688-5024cf318b8a"
    }
  ],
  "dialogs": [
    {
      "rootNodeId": "47374b7a-66fc-4fcd-850d-f774816bc902",
      "messageNodes": [
        {
          "botMessageId": "007dbac5-f167-43ab-b8e3-2dacb30ab9c0",
          "nodeType": "BotMessageNode",
          "id": "47374b7a-66fc-4fcd-850d-f774816bc902",
          "defaultTargetNodeId": "55208aa7-81f7-4099-a77e-166cdb9a6b9b"
        },
        {
          "botMessageId": "8b656eae-ea53-4702-a4ce-f536bbd7eed8",
          "nodeType": "BotMessageNode",
          "id": "55208aa7-81f7-4099-a77e-166cdb9a6b9b",
          "defaultTargetNodeId": "eab993bd-6aed-415d-b86c-0da3123f7d06"
        },
        {
          "botMessageId": "dad1d864-d16b-421d-89f5-ac0f0f022204",
          "nodeType": "BotMessageNode",
          "id": "eab993bd-6aed-415d-b86c-0da3123f7d06",
          "defaultTargetNodeId": "fcf86fab-bbbb-45c4-bb59-3ab8c5ef61a5"
        },
        {
          "botMessageId": "9567d722-ab6f-4e60-b202-5c0f9fc15033",
          "nodeType": "BotMessageNode",
          "id": "fcf86fab-bbbb-45c4-bb59-3ab8c5ef61a5",
          "defaultTargetNodeId": "ed3ecd18-4e01-4892-a552-be8f6f5dcdd9"
        },
        {
          "botMessageId": "1e5aa558-c54c-4749-a089-8cc644942d91",
          "nodeType": "BotMessageNode",
          "id": "ed3ecd18-4e01-4892-a552-be8f6f5dcdd9",
          "defaultTargetNodeId": "d03d1abf-e8e0-4eaf-8351-21378f95eadd"
        },
        {
          "botMessageId": "8cf93539-ff40-45ac-9181-49fa1db8016e",
          "nodeType": "BotMessageNode",
          "id": "d03d1abf-e8e0-4eaf-8351-21378f95eadd",
          "defaultTargetNodeId": "80e5c002-65d7-478f-b530-7c8666172fb7"
        },
        {
          "botMessageId": "5e167f04-b352-4500-916a-953956f04e41",
          "nodeType": "BotMessageNode",
          "id": "80e5c002-65d7-478f-b530-7c8666172fb7",
          "defaultTargetNodeId": "292c5a4f-4231-492f-bab7-df20aa7bb776"
        },
        {
          "botMessageId": "2bd2072d-44ba-4e78-a215-8bbcd488e45a",
          "nodeType": "BotMessageNode",
          "id": "292c5a4f-4231-492f-bab7-df20aa7bb776",
          "defaultTargetNodeId": "5dc76b33-8577-4441-a932-6d285415dbea"
        }
      ],
      "dialogChangeNodes": [
        {
          "targetDialogId": "new_topic_d4ee79ce05584b519ee7d416fda7e2a3_aeabea4d071f415c8c107e1cb7af5424_assumedsuccess",
          "nodeType": "DialogChangeNode",
          "id": "5dc76b33-8577-4441-a932-6d285415dbea"
        }
      ],
      "id": "new_topic_b0fcc917f8a84fcf943fb9b771cfc674",
      "displayName": "Dialog for Jak Teams chroni dane?",
      "createdTime": "2021-09-26T17:32:09.5106175Z",
      "updatedTime": "2021-09-26T17:36:19.3478919Z",
      "createdUserId": "28fac8cb-bec7-48c9-a688-5024cf318b8a",
      "updatedUserId": "28fac8cb-bec7-48c9-a688-5024cf318b8a"
    }
  ],
  "botMessages": [
    {
      "channelContent": {
        "web": {
          "contentFormat": "Markdown",
          "content": "Aby spełnić twoje potrzeby w zakresie bezpieczeństwa prawnego, regulacyjnego i zawartości, firma Teams oferuje następujące funkcje ochrony informacji za pośrednictwem [Centrum zabezpieczeń i zgodności usługi Microsoft 365](https://support.microsoft.com/pl-PL/office/7e696a40-b86b-4a20-afcc-559218b7b1b8)\n\nAby uzyskać więcej informacji na temat tych funkcji zgodności, zobacz [Omówienie zabezpieczeń i zgodności w usłudze Microsoft 365](https://support.microsoft.com/pl-PL/office/dcb83b2c-ac66-4ced-925d-50eb9698a0b2).\n\nAby uzyskać więcej informacji na temat wyszukiwania zawartości i zespołów, zobacz sekcję Zespoły\n\n[w sekcji Uruchamianie wyszukiwania zawartości w Centrum zabezpieczeń i zgodności usługi Microsoft 365](https://support.microsoft.com/pl-PL/office/61852fd9-fe8a-4880-a339-cb19ed3bff4a#teams)."
        }
      },
      "id": "007dbac5-f167-43ab-b8e3-2dacb30ab9c0",
      "createdTime": "2021-09-26T17:32:09.5106175Z",
      "updatedTime": "2021-09-26T17:32:09.5106175Z",
      "createdUserId": "28fac8cb-bec7-48c9-a688-5024cf318b8a",
      "updatedUserId": "28fac8cb-bec7-48c9-a688-5024cf318b8a"
    },
    {
      "channelContent": {
        "web": {
          "contentFormat": "Markdown",
          "content": "**Archiwizacja:** Wszelkie treści przechowywane w dowolnym obciążeniu związanym z zespołami muszą być zachowane niezmiennie zgodnie z zasadami korporacyjnymi przedsiębiorstwa."
        }
      },
      "id": "8b656eae-ea53-4702-a4ce-f536bbd7eed8",
      "createdTime": "2021-09-26T17:32:59.502Z",
      "updatedTime": "2021-09-26T17:32:59.502Z",
      "createdUserId": "user-0",
      "updatedUserId": "user-0"
    },
    {
      "channelContent": {
        "web": {
          "contentFormat": "Markdown",
          "content": "**Przeszukiwanie zawartości pod względem zgodności:** dowolną zawartość przechowywaną w podstawowych aplikacjach można przeszukiwać za pomocą rozbudowanych funkcji filtrowania. Cała zawartość może być eksportowana do określonego kontenera w celu zapewnienia zgodności i obsługi sporów sądowych."
        }
      },
      "id": "dad1d864-d16b-421d-89f5-ac0f0f022204",
      "createdTime": "2021-09-26T17:33:20.818Z",
      "updatedTime": "2021-09-26T17:33:20.818Z",
      "createdUserId": "user-0",
      "updatedUserId": "user-0"
    },
    {
      "channelContent": {
        "web": {
          "contentFormat": "Markdown",
          "content": "**Zbieranie elektronicznych materiałów dowodowych:** dostępne są bogate funkcje zbierania elektronicznych materiałów dowodowych, w tym zarządzanie sprawami, konserwacja, wyszukiwanie, analiza i eksport, aby pomóc naszym klientom uprościć proces zbierania elektronicznych materiałów dowodowych i szybko zidentyfikować odpowiednie dane przy jednoczesnym obniżeniu kosztów i ryzyka."
        }
      },
      "id": "9567d722-ab6f-4e60-b202-5c0f9fc15033",
      "createdTime": "2021-09-26T17:33:29.092Z",
      "updatedTime": "2021-09-26T17:33:29.092Z",
      "createdUserId": "user-0",
      "updatedUserId": "user-0"
    },
    {
      "channelContent": {
        "web": {
          "contentFormat": "Markdown",
          "content": "**Wstrzymanie prawne:** gdy jakikolwiek zespół lub osoba podlega blokadzie sądowej, blokada jest umieszczana zarówno na wiadomościach podstawowych, jak i zarchiwizowanych (z wyłączeniem zmian lub usuwania)."
        }
      },
      "id": "1e5aa558-c54c-4749-a089-8cc644942d91",
      "createdTime": "2021-09-26T17:34:03.359Z",
      "updatedTime": "2021-09-26T17:34:03.359Z",
      "createdUserId": "user-0",
      "updatedUserId": "user-0"
    },
    {
      "channelContent": {
        "web": {
          "contentFormat": "Markdown",
          "content": "**Wyszukiwanie dziennika inspekcji:** Wszystkie działania zespołu i zdarzenia biznesowe muszą być przechwytywane i dostępne do wyszukiwania i eksportowania dla klientów końcowych."
        }
      },
      "id": "8cf93539-ff40-45ac-9181-49fa1db8016e",
      "createdTime": "2021-09-26T17:34:33.8Z",
      "updatedTime": "2021-09-26T17:34:33.8Z",
      "createdUserId": "user-0",
      "updatedUserId": "user-0"
    },
    {
      "channelContent": {
        "web": {
          "contentFormat": "Markdown",
          "content": "**Ochrona w trybie online programu Exchange:** wiadomości e-mail wysyłane do kanału są filtrowane pod kątem spamu, złośliwego oprogramowania, złośliwych linków, fałszowania i wyłudzania informacji za pośrednictwem programu Exchange Online Protection i zaawansowanej ochrony przed zagrożeniami dla usługi Microsoft 365."
        }
      },
      "id": "5e167f04-b352-4500-916a-953956f04e41",
      "createdTime": "2021-09-26T17:35:01.292Z",
      "updatedTime": "2021-09-26T17:35:01.292Z",
      "createdUserId": "user-0",
      "updatedUserId": "user-0"
    },
    {
      "channelContent": {
        "web": {
          "contentFormat": "Markdown",
          "content": "**Dostęp warunkowy:** zapewniamy, że dostęp do usług Teams jest ograniczony do urządzeń zgodnych z zasadami i regułami zabezpieczeń ustawionymi przez administratora IT lub organizację firmową. Obejmuje to obsługę MDM i MAM w usłudze Intune dla systemów iOS i Android."
        }
      },
      "id": "2bd2072d-44ba-4e78-a215-8bbcd488e45a",
      "createdTime": "2021-09-26T17:35:29.754Z",
      "updatedTime": "2021-09-26T17:35:29.754Z",
      "createdUserId": "user-0",
      "updatedUserId": "user-0"
    }
  ]
}