<ImportExportXml xmlns:xsi="http://www.w3.org/2001/XMLSchema-instance">
  <Entities></Entities>
  <Roles></Roles>
  <Workflows>
    <Workflow WorkflowId="{c9579f47-cb2f-eb11-a813-000d3a98dbb4}" Name="Wave GIF" Description="English: A small waving GIF to say hello.&#xA;&#xA;Polski (PL): Mały GIF machający ręką na powitanie">
      <JsonFileName>/Workflows/WaveGIF-C9579F47-CB2F-EB11-A813-000D3A98DBB4.json</JsonFileName>
      <Type>1</Type>
      <Subprocess>0</Subprocess>
      <Category>5</Category>
      <Mode>0</Mode>
      <Scope>4</Scope>
      <OnDemand>0</OnDemand>
      <TriggerOnCreate>0</TriggerOnCreate>
      <TriggerOnDelete>0</TriggerOnDelete>
      <AsyncAutodelete>0</AsyncAutodelete>
      <SyncWorkflowLogOnFailure>0</SyncWorkflowLogOnFailure>
      <StateCode>1</StateCode>
      <StatusCode>2</StatusCode>
      <RunAs>1</RunAs>
      <IsTransacted>1</IsTransacted>
      <IntroducedVersion>1.0</IntroducedVersion>
      <IsCustomizable>1</IsCustomizable>
      <PrimaryEntity>none</PrimaryEntity>
      <LocalizedNames>
        <LocalizedName languagecode="1033" description="Wave GIF" />
      </LocalizedNames>
      <Descriptions>
        <Description languagecode="1033" description="English: A small waving GIF to say hello.&#xA;&#xA;Polski (PL): Mały GIF machający ręką na powitanie" />
      </Descriptions>
    </Workflow>
    <Workflow WorkflowId="{8a84184f-8b5d-eb11-a812-000d3a9bb82a}" Name="Notify a Teams channel about user questions" Description="English: Sent user question to EXISTING team channel.&#xA;Polski: Wysyła pytanie użytkownika do ISTNIEJĄCEGO kanału Teams">
      <JsonFileName>/Workflows/NotifyaTeamschannelaboutuserquestions-8A84184F-8B5D-EB11-A812-000D3A9BB82A.json</JsonFileName>
      <Type>1</Type>
      <Subprocess>0</Subprocess>
      <Category>5</Category>
      <Mode>0</Mode>
      <Scope>4</Scope>
      <OnDemand>0</OnDemand>
      <TriggerOnCreate>0</TriggerOnCreate>
      <TriggerOnDelete>0</TriggerOnDelete>
      <AsyncAutodelete>0</AsyncAutodelete>
      <SyncWorkflowLogOnFailure>0</SyncWorkflowLogOnFailure>
      <StateCode>1</StateCode>
      <StatusCode>2</StatusCode>
      <RunAs>1</RunAs>
      <IsTransacted>1</IsTransacted>
      <IntroducedVersion>1.0</IntroducedVersion>
      <IsCustomizable>1</IsCustomizable>
      <PrimaryEntity>none</PrimaryEntity>
      <LocalizedNames>
        <LocalizedName languagecode="1033" description="Notify a Teams channel about user questions" />
      </LocalizedNames>
      <Descriptions>
        <Description languagecode="1033" description="English: Sent user question to EXISTING team channel.&#xA;Polski: Wysyła pytanie użytkownika do ISTNIEJĄCEGO kanału Teams" />
      </Descriptions>
    </Workflow>
    <Workflow WorkflowId="{22036560-5e5e-eb11-a812-000d3a9bb82a}" Name="Send user feedback to a Teams channel" Description="English: This flow sends user feedback to an EXISTING Teams channel of your choice. &#xA;Polski: Przepływ wysyła opinię do ISTNIEJĄCEGO kanału, wskazanego w konfiguracji">
      <JsonFileName>/Workflows/SenduserfeedbacktoaTeamschannel-22036560-5E5E-EB11-A812-000D3A9BB82A.json</JsonFileName>
      <Type>1</Type>
      <Subprocess>0</Subprocess>
      <Category>5</Category>
      <Mode>0</Mode>
      <Scope>4</Scope>
      <OnDemand>0</OnDemand>
      <TriggerOnCreate>0</TriggerOnCreate>
      <TriggerOnDelete>0</TriggerOnDelete>
      <AsyncAutodelete>0</AsyncAutodelete>
      <SyncWorkflowLogOnFailure>0</SyncWorkflowLogOnFailure>
      <StateCode>1</StateCode>
      <StatusCode>2</StatusCode>
      <RunAs>1</RunAs>
      <IsTransacted>1</IsTransacted>
      <IntroducedVersion>1.0</IntroducedVersion>
      <IsCustomizable>1</IsCustomizable>
      <PrimaryEntity>none</PrimaryEntity>
      <LocalizedNames>
        <LocalizedName languagecode="1033" description="Send user feedback to a Teams channel" />
      </LocalizedNames>
      <Descriptions>
        <Description languagecode="1033" description="English: This flow sends user feedback to an EXISTING Teams channel of your choice. &#xA;Polski: Przepływ wysyła opinię do ISTNIEJĄCEGO kanału, wskazanego w konfiguracji" />
      </Descriptions>
    </Workflow>
  </Workflows>
  <FieldSecurityProfiles></FieldSecurityProfiles>
  <Templates />
  <EntityMaps />
  <EntityRelationships />
  <OrganizationSettings />
  <optionsets />
  <CustomControls />
  <EntityDataProviders />
  <connectionreferences>
    <connectionreference connectionreferencelogicalname="cr675_sharedoffice365users_00f97">
      <connectionreferencedisplayname>Office 365 Users</connectionreferencedisplayname>
      <connectorid>/providers/Microsoft.PowerApps/apis/shared_office365users</connectorid>
      <iscustomizable>1</iscustomizable>
      <statecode>0</statecode>
      <statuscode>1</statuscode>
    </connectionreference>
    <connectionreference connectionreferencelogicalname="new_sharedoffice365users_fbbb1">
      <connectionreferencedisplayname>Office 365 Users</connectionreferencedisplayname>
      <connectorid>/providers/Microsoft.PowerApps/apis/shared_office365users</connectorid>
      <iscustomizable>1</iscustomizable>
      <statecode>0</statecode>
      <statuscode>1</statuscode>
    </connectionreference>
    <connectionreference connectionreferencelogicalname="new_sharedteams_87d38">
      <connectionreferencedisplayname>Microsoft Teams</connectionreferencedisplayname>
      <connectorid>/providers/Microsoft.PowerApps/apis/shared_teams</connectorid>
      <iscustomizable>1</iscustomizable>
      <statecode>0</statecode>
      <statuscode>1</statuscode>
    </connectionreference>
    <connectionreference connectionreferencelogicalname="new_sharedteams_cdbe4">
      <connectionreferencedisplayname>Microsoft Teams</connectionreferencedisplayname>
      <connectorid>/providers/Microsoft.PowerApps/apis/shared_teams</connectorid>
      <iscustomizable>1</iscustomizable>
      <statecode>0</statecode>
      <statuscode>1</statuscode>
    </connectionreference>
  </connectionreferences>
  <Languages>
    <Language>1033</Language>
    <Language>1045</Language>
  </Languages>
</ImportExportXml>