<ImportExportXml version="9.2.22093.198" SolutionPackageVersion="9.2" languagecode="1033" generatedBy="CrmLive" xmlns:xsi="http://www.w3.org/2001/XMLSchema-instance">
  <SolutionManifest>
    <UniqueName>TimonPL</UniqueName>
    <LocalizedNames>
      <LocalizedName description="TimonPL" languagecode="1033" />
    </LocalizedNames>
    <Descriptions>
      <Description description="TimonPL is polish chat bot to answer questions about Teams" languagecode="1033" />
    </Descriptions>
    <Version>1.0.0.8</Version>
    <Managed>0</Managed>
    <Publisher>
      <UniqueName>KonradSagala</UniqueName>
      <LocalizedNames>
        <LocalizedName description="Konrad Sagala" languagecode="1033" />
      </LocalizedNames>
      <Descriptions />
      <EMailAddress xsi:nil="true"></EMailAddress>
      <SupportingWebsiteUrl xsi:nil="true"></SupportingWebsiteUrl>
      <CustomizationPrefix>new</CustomizationPrefix>
      <CustomizationOptionValuePrefix>10000</CustomizationOptionValuePrefix>
    </Publisher>
    <RootComponents>
      <RootComponent type="29" id="{22036560-5e5e-eb11-a812-000d3a9bb82a}" behavior="0" />
      <RootComponent type="29" id="{8a84184f-8b5d-eb11-a812-000d3a9bb82a}" behavior="0" />
      <RootComponent type="29" id="{c9579f47-cb2f-eb11-a813-000d3a98dbb4}" behavior="0" />
    </RootComponents>
    <MissingDependencies />
  </SolutionManifest>
</ImportExportXml>