{
  "intents": [
    {
      "triggerQueries": [
        "czy Office działa na telefonie komórkowym?",
        "Czy Office działa na moim telefonie komórkowym?",
        "Czy mogę korzystać z Office w telefonie?",
        "czy Office działa na moim urządzeniu?",
        "czy moje urządzenie może uruchomić Office?",
        "Czy na moim urządzeniu zadziała Office?"
      ],
      "dialogId": "new_topic_8ff87d58ad194e1689ef126336adce32",
      "isTriggeringEnabled": true,
      "id": "new_topic_8ff87d58ad194e1689ef126336adce32",
      "displayName": "Czy na moim urządzeniu zadziała Office?",
      "description": "",
      "createdTime": "2021-09-26T17:59:00.5982087Z",
      "updatedTime": "2021-10-21T14:30:30.7445119Z",
      "createdUserId": "28fac8cb-bec7-48c9-a688-5024cf318b8a",
      "updatedUserId": "28fac8cb-bec7-48c9-a688-5024cf318b8a"
    }
  ],
  "dialogs": [
    {
      "rootNodeId": "e3be6593-b461-4ed2-a73e-406c19e6d3a6",
      "messageNodes": [
        {
          "botMessageId": "1b7bca01-0fb4-4f5e-8433-5bdb081f97e3",
          "nodeType": "BotMessageNode",
          "id": "e3be6593-b461-4ed2-a73e-406c19e6d3a6",
          "defaultTargetNodeId": "631f0e1d-2b11-4c54-9523-a2170e8dd45a"
        }
      ],
      "dialogChangeNodes": [
        {
          "targetDialogId": "new_topic_d4ee79ce05584b519ee7d416fda7e2a3_aeabea4d071f415c8c107e1cb7af5424_assumedsuccess",
          "nodeType": "DialogChangeNode",
          "id": "631f0e1d-2b11-4c54-9523-a2170e8dd45a"
        }
      ],
      "id": "new_topic_8ff87d58ad194e1689ef126336adce32",
      "displayName": "Dialog for Czy na moim urządzeniu zadziała Office?",
      "createdTime": "2021-09-26T17:59:00.5982087Z",
      "updatedTime": "2021-10-21T14:32:28.4437649Z",
      "createdUserId": "28fac8cb-bec7-48c9-a688-5024cf318b8a",
      "updatedUserId": "28fac8cb-bec7-48c9-a688-5024cf318b8a"
    }
  ],
  "botMessages": [
    {
      "channelContent": {
        "web": {
          "contentFormat": "Markdown",
          "content": "Usługa Office 365 jest zgodna z systemami Windows, Mac, iPhone, Android. \n\nŻeby sprawdzić, czy mamy odpowiednią wersję systemu Windows lub systemu macOS oraz innych wymagań dotyczących funkcji zobacz [Wymagania systemowe pakietu Office](https://www.microsoft.com/pl-pl/microsoft-365/microsoft-365-and-office-resources#coreui-heading-8i242k6)."
        }
      },
      "id": "1b7bca01-0fb4-4f5e-8433-5bdb081f97e3",
      "createdTime": "2021-09-26T17:59:00.5982087Z",
      "updatedTime": "2021-09-26T17:59:00.5982087Z",
      "createdUserId": "28fac8cb-bec7-48c9-a688-5024cf318b8a",
      "updatedUserId": "28fac8cb-bec7-48c9-a688-5024cf318b8a"
    }
  ]
}