{
  "intents": [
    {
      "endUserOverrideName": "Czym jest aplikacja Shifts w Teams?",
      "triggerQueries": [
        "Aktualny harmonogram? (Zmiany w Teams)",
        "praca zmianowa",
        "Co to jest aplikacja Zmiany?",
        "Co to jest aplikacja Shifts?",
        "Do czego wykorzystujecie zmiany w zespołach?",
        "Zawsze aktualny harmonogram pracy",
        "Muszę zarządzać pracownikami pierwszej linii",
        "raporty czasowe dla pracowników zmianowych",
        "zegar czasu w zespołach",
        "Zmiany dla pracowników pierwszej linii",
        "dostęp do zmian z telefonu",
        "Tworzenie harmonogramu dla mojego zespołu",
        "mobilny harmonogram pracy",
        "Co może zrobić aplikacja Zmiany w usłudze Teams?",
        "Czym jest aplikacja Zmiany w Teams?",
        "Czym jest aplikacja Shifts w Teams?"
      ],
      "dialogId": "new_topic_4f4ca0d60d0349a0972b7f6375b26261",
      "isTriggeringEnabled": true,
      "id": "new_topic_4f4ca0d60d0349a0972b7f6375b26261",
      "displayName": "Czym jest aplikacja Zmiany w Teams?",
      "description": "",
      "createdTime": "2021-09-27T10:49:45.3896159Z",
      "updatedTime": "2021-09-29T14:42:22.1454065Z",
      "createdUserId": "28fac8cb-bec7-48c9-a688-5024cf318b8a",
      "updatedUserId": "28fac8cb-bec7-48c9-a688-5024cf318b8a"
    }
  ],
  "dialogs": [
    {
      "rootNodeId": "3c79d1a5-2bc7-4efa-a6ee-6c237f8f296a",
      "messageNodes": [
        {
          "botMessageId": "7a818508-68a8-4fc8-8b0b-a6e48e1fe89e",
          "nodeType": "BotMessageNode",
          "id": "3c79d1a5-2bc7-4efa-a6ee-6c237f8f296a",
          "defaultTargetNodeId": "6e329979-629e-4da4-a297-adbe3dcb6a5c"
        },
        {
          "botMessageId": "9c4ddeef-4b8d-426b-9e42-f324fadf16b1",
          "nodeType": "BotMessageNode",
          "id": "6e329979-629e-4da4-a297-adbe3dcb6a5c",
          "defaultTargetNodeId": "0a138a4a-9852-4431-82c7-dd239d3eded4"
        },
        {
          "botMessageId": "44313d9e-d038-47c0-829e-bfaa75c5cece",
          "nodeType": "BotMessageNode",
          "id": "0a138a4a-9852-4431-82c7-dd239d3eded4",
          "defaultTargetNodeId": "b28a4ad9-9f50-4f70-9f9d-379f519b65a9"
        },
        {
          "botMessageId": "66b47533-3d7b-48e5-84b7-4c1757d22097",
          "nodeType": "BotMessageNode",
          "id": "b28a4ad9-9f50-4f70-9f9d-379f519b65a9",
          "defaultTargetNodeId": "8386519b-f1b8-49b1-b1f4-87f19290815b"
        }
      ],
      "dialogChangeNodes": [
        {
          "targetDialogId": "new_topic_d4ee79ce05584b519ee7d416fda7e2a3_aeabea4d071f415c8c107e1cb7af5424_assumedsuccess",
          "nodeType": "DialogChangeNode",
          "id": "8386519b-f1b8-49b1-b1f4-87f19290815b"
        }
      ],
      "id": "new_topic_4f4ca0d60d0349a0972b7f6375b26261",
      "displayName": "Dialog for Czym jest aplikacja Shifts w Teams?",
      "createdTime": "2021-09-27T10:49:45.3896159Z",
      "updatedTime": "2021-09-29T14:55:27.3006497Z",
      "createdUserId": "28fac8cb-bec7-48c9-a688-5024cf318b8a",
      "updatedUserId": "28fac8cb-bec7-48c9-a688-5024cf318b8a"
    }
  ],
  "botMessages": [
    {
      "channelContent": {
        "web": {
          "contentFormat": "Markdown",
          "content": "Aplikacja Shifts jest narzędziem do zarządzania harmonogramami pracowników pierwszej linii w Microsoft Teams. Więcej informacji można znaleźć w artykule pomocy technicznej – [Początek pracy z aplikacją Shifts](https://support.microsoft.com/pl-pl/office/pocz%C4%85tek-pracy-z-aplikacj%C4%85-shifts-5f3e30d8-1821-4904-be26-c3cd25a497d6)."
        }
      },
      "id": "7a818508-68a8-4fc8-8b0b-a6e48e1fe89e",
      "createdTime": "2021-09-27T10:49:45.3896159Z",
      "updatedTime": "2021-09-27T10:49:45.3896159Z",
      "createdUserId": "28fac8cb-bec7-48c9-a688-5024cf318b8a",
      "updatedUserId": "28fac8cb-bec7-48c9-a688-5024cf318b8a"
    },
    {
      "channelContent": {
        "web": {
          "contentFormat": "Markdown",
          "content": "🎬 [Zobacz aplikację Zmiany](https://support.microsoft.com/pl-pl/office/zmiany-dla-pracownik%C3%B3w-pierwszej-linii-frontline-workers-74f47ad2-7b6a-4605-8cf4-2b6ceb1cdcae) w akcji."
        }
      },
      "id": "9c4ddeef-4b8d-426b-9e42-f324fadf16b1",
      "createdTime": "2021-09-29T14:44:34.826Z",
      "updatedTime": "2021-09-29T14:44:34.826Z",
      "createdUserId": "user-0",
      "updatedUserId": "user-0"
    },
    {
      "channelContent": {
        "web": {
          "contentFormat": "Markdown",
          "content": "**Zarządzanie Zmianami**\n\n*   📅Harmonogram zmian - Zawsze można sprawdzić, kto pracuje na jakiej zmianie. Mozna również sprawdzić, kto jest obecny, na podstawie  statusu [obecności](https://docs.microsoft.com/pl-PL/microsoftteams/presence-admins).\n*   📲ISzybki kontakt z pracownikami (nie ma już problemów z nieaktualnymi numerami i zgadywaniem, kto jest dostępny!).\n*   📝Notatki z dodatkowymi szczegółami dla poszczególnych zmian.\n*   🕓Zegar - Oznaczanie początku i końca pracy na zmianie."
        }
      },
      "id": "44313d9e-d038-47c0-829e-bfaa75c5cece",
      "createdTime": "2021-09-29T14:46:15.508Z",
      "updatedTime": "2021-09-29T14:46:15.508Z",
      "createdUserId": "user-0",
      "updatedUserId": "user-0"
    },
    {
      "channelContent": {
        "web": {
          "contentFormat": "Markdown",
          "content": "💡 **Wskazówka:** _Jeżeli jesteś pracownikiem mobilnym, sprawdź, czy aplikacja_ [_Teams Walkie Talkie_](https://support.microsoft.com/pl-pl/office/wprowadzenie-do-aplikacji-teams-walkie-talkie-25bdc3d5-bbb2-41b7-89bf-650fae0c8e0c) będzie przydatna dla ciebie\\_.\\_"
        }
      },
      "id": "66b47533-3d7b-48e5-84b7-4c1757d22097",
      "createdTime": "2021-09-29T14:46:21.141Z",
      "updatedTime": "2021-09-29T14:46:21.141Z",
      "createdUserId": "user-0",
      "updatedUserId": "user-0"
    }
  ],
  "createdUtc": "0001-01-01T00:00:00Z"
}