{
  "intents": [
    {
      "triggerQueries": [
        "@wzmiankowanie całego zespołu",
        "Chcę, aby wszyscy w zespole otrzymywali powiadomienia, jak to zrobić?",
        "Jak @wzmiankować cały zespół?",
        "Jak przekazać powiadomienie całemu zespołowi?",
        "Powiadamianie wszystkich członków zespołu?",
        "Jak zwrócić uwagę całego zespołu?"
      ],
      "dialogId": "new_topic_8709a1a538834606a0915bd53233e29c",
      "isTriggeringEnabled": true,
      "id": "new_topic_8709a1a538834606a0915bd53233e29c",
      "displayName": "Jak zwrócić uwagę całego zespołu?",
      "description": "",
      "createdTime": "2021-09-27T05:43:09.8630012Z",
      "updatedTime": "2021-10-15T13:07:03.4701452Z",
      "createdUserId": "28fac8cb-bec7-48c9-a688-5024cf318b8a",
      "updatedUserId": "28fac8cb-bec7-48c9-a688-5024cf318b8a"
    }
  ],
  "dialogs": [
    {
      "rootNodeId": "21a25d06-d27e-40e0-b86a-b732545ac9ea",
      "messageNodes": [
        {
          "botMessageId": "88e01a62-900a-4cc5-85fa-1fac721f147e",
          "nodeType": "BotMessageNode",
          "id": "21a25d06-d27e-40e0-b86a-b732545ac9ea",
          "defaultTargetNodeId": "d214e4ca-e12d-44f3-b52a-3fadb309b9fc"
        },
        {
          "botMessageId": "d15ace25-5e56-404f-b03e-689b78cf1844",
          "nodeType": "BotMessageNode",
          "id": "d214e4ca-e12d-44f3-b52a-3fadb309b9fc",
          "defaultTargetNodeId": "20ea8acb-5992-48c5-9575-895f389dd7c2"
        },
        {
          "botMessageId": "3fd79cca-ad95-4a5f-bd4a-70000c34272f",
          "nodeType": "BotMessageNode",
          "id": "20ea8acb-5992-48c5-9575-895f389dd7c2",
          "defaultTargetNodeId": "bad1c705-529e-488f-819b-88ecb64c4b91"
        }
      ],
      "dialogChangeNodes": [
        {
          "targetDialogId": "new_topic_d4ee79ce05584b519ee7d416fda7e2a3_aeabea4d071f415c8c107e1cb7af5424_assumedsuccess",
          "nodeType": "DialogChangeNode",
          "id": "bad1c705-529e-488f-819b-88ecb64c4b91"
        }
      ],
      "id": "new_topic_8709a1a538834606a0915bd53233e29c",
      "displayName": "Dialog for Jak zwrócić uwagę całego zespołu?",
      "createdTime": "2021-09-27T05:43:09.8630012Z",
      "updatedTime": "2021-10-15T13:11:15.8779383Z",
      "createdUserId": "28fac8cb-bec7-48c9-a688-5024cf318b8a",
      "updatedUserId": "28fac8cb-bec7-48c9-a688-5024cf318b8a"
    }
  ],
  "botMessages": [
    {
      "channelContent": {
        "web": {
          "contentFormat": "Markdown",
          "content": "[Aby przyciągnąć uwagę](https://support.microsoft.com/pl-pl/office/przyci%C4%85ganie-uwagi-za-pomoc%C4%85-wzmianek-w-aplikacji-teams-eb4f059d-320e-454e-b111-03361d4d6855) wszystkich w zespole należy w konwersacji **@wzmiankować** nazwę zespołu. Wystarczy wpisać **@** przed nazwą zespołu, a następnie wybrać zespół z menu, które się pojawi."
        }
      },
      "id": "88e01a62-900a-4cc5-85fa-1fac721f147e",
      "createdTime": "2021-09-27T05:43:09.8630012Z",
      "updatedTime": "2021-09-27T05:43:09.8630012Z",
      "createdUserId": "28fac8cb-bec7-48c9-a688-5024cf318b8a",
      "updatedUserId": "28fac8cb-bec7-48c9-a688-5024cf318b8a"
    },
    {
      "channelContent": {
        "web": {
          "contentFormat": "Markdown",
          "content": "Na podstawie nazwy @team, wszyscy członkowie zespołu otrzymają powiadomienie. Typ powiadomienia [zależy od ustawień każdej osoby](https://support.microsoft.com/pl-pl/office/pierwsze-co-nale%C5%BCy-wiedzie%C4%87-o-powiadomieniach-abb62c60-3d15-4968-b86a-42fea9c22cf4)."
        }
      },
      "id": "d15ace25-5e56-404f-b03e-689b78cf1844",
      "createdTime": "2021-10-15T13:08:55.299Z",
      "updatedTime": "2021-10-15T13:08:55.299Z",
      "createdUserId": "user-0",
      "updatedUserId": "user-0"
    },
    {
      "channelContent": {
        "web": {
          "contentFormat": "Markdown",
          "content": "💡 **Wskazówka:** _Używaj tej opcji oszczędnie, ponieważ jest to jak użycie \"odpowiedz wszystkim\" w wiadomości e-mail._"
        }
      },
      "id": "3fd79cca-ad95-4a5f-bd4a-70000c34272f",
      "createdTime": "2021-10-15T13:10:36.917Z",
      "updatedTime": "2021-10-15T13:10:36.917Z",
      "createdUserId": "user-0",
      "updatedUserId": "user-0"
    }
  ]
}