{
  "intents": [
    {
      "triggerQueries": [
        "zespół vs kanał jaka jest różnica?",
        "kanał i zespół - różnice",
        "Jaka jest różnica między zespołem a kanałem?",
        "Zespół lub kanał, co wybrać",
        "Kiedy korzystać z zespołu, a kiedy z kanału?",
        "różnice między kanałami i zespołami",
        "Co to jest zespół, a co kanał",
        "Co odróżnia zespół od kanału?",
        "Różnica między zespołem a kanałem",
        "Czym różni się zespół od kanału"
      ],
      "dialogId": "new_topic_5a3c5e398b6249bb9d0a8b3ce645ba5c",
      "isTriggeringEnabled": true,
      "id": "new_topic_5a3c5e398b6249bb9d0a8b3ce645ba5c",
      "displayName": "Czym różni się zespół od kanału?",
      "description": "",
      "createdTime": "2021-09-26T11:02:38.2985496Z",
      "updatedTime": "2021-10-21T09:31:40.7630997Z",
      "createdUserId": "28fac8cb-bec7-48c9-a688-5024cf318b8a",
      "updatedUserId": "28fac8cb-bec7-48c9-a688-5024cf318b8a"
    }
  ],
  "dialogs": [
    {
      "rootNodeId": "b0277336-b8d6-433f-beca-888f03fd71b2",
      "messageNodes": [
        {
          "botMessageId": "5c785072-6db3-4cad-af8e-ce6bd5992e4e",
          "nodeType": "BotMessageNode",
          "id": "b0277336-b8d6-433f-beca-888f03fd71b2",
          "defaultTargetNodeId": "b8091086-24ec-432c-b54f-b3c36e5deeea"
        },
        {
          "botMessageId": "f54a0223-b992-42a6-8103-09dcaff0b7fb",
          "nodeType": "BotMessageNode",
          "id": "e5334c06-4e4c-4468-9da8-a61a9036fd88",
          "defaultTargetNodeId": "57c48543-f92c-4020-9de2-36e959768480"
        },
        {
          "botMessageId": "9a1a7126-6b7b-478e-911c-1d0fd5a4d9c9",
          "nodeType": "BotMessageNode",
          "id": "b8091086-24ec-432c-b54f-b3c36e5deeea",
          "defaultTargetNodeId": "05a97e40-ee57-43e4-94ec-c6f339824a67"
        },
        {
          "botMessageId": "50e64b01-7a19-454e-8702-3162f60931a4",
          "nodeType": "BotMessageNode",
          "id": "05a97e40-ee57-43e4-94ec-c6f339824a67",
          "defaultTargetNodeId": "e5334c06-4e4c-4468-9da8-a61a9036fd88"
        }
      ],
      "dialogChangeNodes": [
        {
          "targetDialogId": "new_topic_d4ee79ce05584b519ee7d416fda7e2a3_aeabea4d071f415c8c107e1cb7af5424_assumedsuccess",
          "nodeType": "DialogChangeNode",
          "id": "57c48543-f92c-4020-9de2-36e959768480"
        }
      ],
      "id": "new_topic_5a3c5e398b6249bb9d0a8b3ce645ba5c",
      "displayName": "Dialog for Czym różni się zespół od kanału?",
      "createdTime": "2021-09-26T11:02:38.2985496Z",
      "updatedTime": "2021-10-21T09:34:15.158377Z",
      "createdUserId": "28fac8cb-bec7-48c9-a688-5024cf318b8a",
      "updatedUserId": "28fac8cb-bec7-48c9-a688-5024cf318b8a"
    }
  ],
  "botMessages": [
    {
      "channelContent": {
        "web": {
          "contentFormat": "Markdown",
          "content": "**Zespół** to grupa ludzi zebranych razem w celu wykonania większego zadania w organizacji. Czasami będzie to cała organizacja."
        }
      },
      "id": "5c785072-6db3-4cad-af8e-ce6bd5992e4e",
      "createdTime": "2021-09-26T11:02:38.2829332Z",
      "updatedTime": "2021-09-26T11:02:38.2829332Z",
      "createdUserId": "28fac8cb-bec7-48c9-a688-5024cf318b8a",
      "updatedUserId": "28fac8cb-bec7-48c9-a688-5024cf318b8a"
    },
    {
      "channelContent": {
        "web": {
          "contentFormat": "Markdown",
          "content": "Kanały są miejscem, w którym wykonuje się faktyczną pracę — rozmowy tekstowe, dźwiękowe i wideo otwarte dla całego zespołu, w których udostępnia się pliki i [dodaje aplikacje](https://support.microsoft.com/pl-pl/office/dodawanie-aplikacji-do-microsoft-teams-b2217706-f7ed-4e64-8e96-c413afd02f77?ui=pl-PL&rs=pl-PL&ad=PL).\n\nChociaż konwersacje na kanale są publiczne, czaty odbywają się tylko pomiędzy Tobą i konkretną osobą (lub grupą osób). Myśl o nich jak o natychmiastowych wiadomościach wysyłanych w aplikacji Skype dla firm lub innych aplikacji obsługujących wiadomości."
        }
      },
      "id": "f54a0223-b992-42a6-8103-09dcaff0b7fb",
      "createdTime": "2021-09-26T11:03:43.941Z",
      "updatedTime": "2021-09-26T11:03:43.941Z",
      "createdUserId": "user-0",
      "updatedUserId": "user-0"
    },
    {
      "channelContent": {
        "web": {
          "contentFormat": "Markdown",
          "content": "Zespoły składają się z **kanałów**, które są konwersacjami z członkami zespołu. Każdy kanał jest związany z konkretnym tematem, działem lub projektem."
        }
      },
      "id": "9a1a7126-6b7b-478e-911c-1d0fd5a4d9c9",
      "createdTime": "2021-10-21T09:32:35.126Z",
      "updatedTime": "2021-10-21T09:32:35.126Z",
      "createdUserId": "user-0",
      "updatedUserId": "user-0"
    },
    {
      "channelContent": {
        "web": {
          "contentFormat": "Markdown",
          "content": "Na przykład zespół ma kanał Ogólny, Marketing, Inspiracje i kilka innych kanałów. Wszystkie konwersacje, spotkania, pliki i aplikacje na kanale Marketing są związane z marketingiem. Ponadto cała zawartość tego kanału jest widoczna dla wszystkich osób w zespole."
        }
      },
      "id": "50e64b01-7a19-454e-8702-3162f60931a4",
      "createdTime": "2021-10-21T09:32:53.282Z",
      "updatedTime": "2021-10-21T09:32:53.282Z",
      "createdUserId": "user-0",
      "updatedUserId": "user-0"
    }
  ]
}