{
  "intents": [
    {
      "triggerQueries": [
        "administrator dla zespołu",
        "Jak zostać właścicielem zespołu?",
        "Co może zrobić właściciel zespołu",
        "Jaką rolę odgrywa właściciel zespołu?",
        "Kto jest właścicielem zespołu",
        "Właściciel zespołu",
        "Kim są właściciele zespołów?"
      ],
      "dialogId": "new_topic_b5108b84f8584c81a9cc9f8ecefebf03",
      "isTriggeringEnabled": true,
      "id": "new_topic_b5108b84f8584c81a9cc9f8ecefebf03",
      "displayName": "Kim są właściciele zespołów?",
      "description": "",
      "createdTime": "2021-09-27T05:29:24.3249567Z",
      "updatedTime": "2021-10-18T15:21:07.1935237Z",
      "createdUserId": "28fac8cb-bec7-48c9-a688-5024cf318b8a",
      "updatedUserId": "28fac8cb-bec7-48c9-a688-5024cf318b8a"
    }
  ],
  "dialogs": [
    {
      "rootNodeId": "b3e0d198-9196-42a0-8d9f-9d699983dd35",
      "messageNodes": [
        {
          "botMessageId": "115b3a15-52af-4d38-9469-05e5d3bf810f",
          "nodeType": "BotMessageNode",
          "id": "b3e0d198-9196-42a0-8d9f-9d699983dd35",
          "defaultTargetNodeId": "d067a03d-ee31-46ce-969c-1bea97516ca0"
        },
        {
          "botMessageId": "eee03eb7-506b-49a2-abbb-543cae4b9ce6",
          "nodeType": "BotMessageNode",
          "id": "29f648b1-d389-4c21-a602-d791f66c44a9",
          "defaultTargetNodeId": "e96a05af-aa05-4fbb-8256-b061ce2cfc41"
        },
        {
          "botMessageId": "b9383bbb-6363-4b21-84a0-ad1370a17516",
          "nodeType": "BotMessageNode",
          "id": "d067a03d-ee31-46ce-969c-1bea97516ca0",
          "defaultTargetNodeId": "2c7ff267-e278-47a9-b027-eb513a7c72e5"
        },
        {
          "botMessageId": "05a2b23b-de29-4059-9757-50f0324729ee",
          "nodeType": "BotMessageNode",
          "id": "2c7ff267-e278-47a9-b027-eb513a7c72e5",
          "defaultTargetNodeId": "29f648b1-d389-4c21-a602-d791f66c44a9"
        }
      ],
      "dialogChangeNodes": [
        {
          "targetDialogId": "new_topic_d4ee79ce05584b519ee7d416fda7e2a3_aeabea4d071f415c8c107e1cb7af5424_assumedsuccess",
          "nodeType": "DialogChangeNode",
          "id": "e96a05af-aa05-4fbb-8256-b061ce2cfc41"
        }
      ],
      "id": "new_topic_b5108b84f8584c81a9cc9f8ecefebf03",
      "displayName": "Dialog for Kim są właściciele zespołów?",
      "createdTime": "2021-09-27T05:29:24.3249567Z",
      "updatedTime": "2021-10-18T15:23:58.9036043Z",
      "createdUserId": "28fac8cb-bec7-48c9-a688-5024cf318b8a",
      "updatedUserId": "28fac8cb-bec7-48c9-a688-5024cf318b8a"
    }
  ],
  "botMessages": [
    {
      "channelContent": {
        "web": {
          "contentFormat": "Markdown",
          "content": "**Właścicielem zespołu** jest osoba, która tworzy i/lub administruje zespołem. Właściciele zespołu mogą zmienić członków zespołu na właścicieli zespołu, gdy zaproszą ich do zespołu lub w dowolnym momencie po dołączeniu do zespołu."
        }
      },
      "id": "115b3a15-52af-4d38-9469-05e5d3bf810f",
      "createdTime": "2021-09-27T05:29:24.3249567Z",
      "updatedTime": "2021-09-27T05:29:24.3249567Z",
      "createdUserId": "28fac8cb-bec7-48c9-a688-5024cf318b8a",
      "updatedUserId": "28fac8cb-bec7-48c9-a688-5024cf318b8a"
    },
    {
      "channelContent": {
        "web": {
          "contentFormat": "Markdown",
          "content": "💡 **Wskazówka:**\n\nJako właściciel możesz dodać obraz zespołu, ustawić uprawnienia dla członków zespołu do tworzenia kanałów, dodawania kart, @wzmiankowania całego zespołu lub kanału oraz kontrolować użycie plików GIF, naklejek i memów."
        }
      },
      "id": "eee03eb7-506b-49a2-abbb-543cae4b9ce6",
      "createdTime": "2021-09-27T05:30:09.395Z",
      "updatedTime": "2021-09-27T05:30:09.395Z",
      "createdUserId": "user-0",
      "updatedUserId": "user-0"
    },
    {
      "channelContent": {
        "web": {
          "contentFormat": "Markdown",
          "content": "W przypadku wielu właścicieli zespołów możesz współdzielić się odpowiedzialnością za zarządzanie ustawieniami i członkostwem, w tym zaproszeniami."
        }
      },
      "id": "b9383bbb-6363-4b21-84a0-ad1370a17516",
      "createdTime": "2021-10-18T15:21:45.594Z",
      "updatedTime": "2021-10-18T15:21:45.594Z",
      "createdUserId": "user-0",
      "updatedUserId": "user-0"
    },
    {
      "channelContent": {
        "web": {
          "contentFormat": "Markdown",
          "content": "Upewnij się, że zespół ma co najmniej dwóch właścicieli - zapewnia to łatwy kontakt, nawet gdy jeden z nich jest chwilowo niedostępny"
        }
      },
      "id": "05a2b23b-de29-4059-9757-50f0324729ee",
      "createdTime": "2021-10-18T15:22:21.928Z",
      "updatedTime": "2021-10-18T15:22:21.928Z",
      "createdUserId": "user-0",
      "updatedUserId": "user-0"
    }
  ]
}