{
  "intents": [
    {
      "triggerQueries": [
        "Tryb Razem",
        "Włącz tryb razem",
        "jak zobaczyć wszystkich na spotkaniu siedzących obok siebie?",
        "Jak aktywować tryb razem?",
        "Tryb Razem na spotkaniach",
        "Gdzie mogę znaleźć tryb Razem?",
        "aktywuj tryb razem",
        "Wyświetlanie uczestników spotkania w audytorium",
        "Jak włączyć tryb Razem?"
      ],
      "dialogId": "new_topic_1c15ecc03a84469a939f2e9daf0698cd",
      "isTriggeringEnabled": true,
      "id": "new_topic_1c15ecc03a84469a939f2e9daf0698cd",
      "displayName": "Jak włączyć tryb Razem?",
      "description": "",
      "createdTime": "2021-09-27T10:35:37.8958467Z",
      "updatedTime": "2021-10-11T09:28:16.1818798Z",
      "createdUserId": "28fac8cb-bec7-48c9-a688-5024cf318b8a",
      "updatedUserId": "28fac8cb-bec7-48c9-a688-5024cf318b8a"
    }
  ],
  "dialogs": [
    {
      "rootNodeId": "b85abd5a-ea3e-4d24-8293-a99120cb61bd",
      "messageNodes": [
        {
          "botMessageId": "2888b133-1f39-43fe-8fef-5a8a9324843a",
          "nodeType": "BotMessageNode",
          "id": "b85abd5a-ea3e-4d24-8293-a99120cb61bd",
          "defaultTargetNodeId": "a25340ad-4b2c-427d-a282-bccde7c21b59"
        },
        {
          "botMessageId": "be39f970-38ea-4e63-b972-15053ce1a110",
          "nodeType": "BotMessageNode",
          "id": "a25340ad-4b2c-427d-a282-bccde7c21b59",
          "defaultTargetNodeId": "769139e3-e0cd-4963-851d-fc927de71b7c"
        },
        {
          "botMessageId": "d3687787-8e7f-46cf-9124-63c909bdb8db",
          "nodeType": "BotMessageNode",
          "id": "769139e3-e0cd-4963-851d-fc927de71b7c",
          "defaultTargetNodeId": "ae9c9bca-bae7-4ea8-88fd-eb924299d644"
        },
        {
          "botMessageId": "80c97f04-9195-4119-bd04-f2064e801ab9",
          "nodeType": "BotMessageNode",
          "id": "ae9c9bca-bae7-4ea8-88fd-eb924299d644",
          "defaultTargetNodeId": "e04a9c27-f6d0-4367-8f1b-9b7c5b30062d"
        }
      ],
      "dialogChangeNodes": [
        {
          "targetDialogId": "new_topic_d4ee79ce05584b519ee7d416fda7e2a3_aeabea4d071f415c8c107e1cb7af5424_assumedsuccess",
          "nodeType": "DialogChangeNode",
          "id": "e04a9c27-f6d0-4367-8f1b-9b7c5b30062d"
        }
      ],
      "id": "new_topic_1c15ecc03a84469a939f2e9daf0698cd",
      "displayName": "Dialog for Jak włączyć tryb Razem?",
      "createdTime": "2021-09-27T10:35:37.8958467Z",
      "updatedTime": "2021-10-11T09:39:25.8958939Z",
      "createdUserId": "28fac8cb-bec7-48c9-a688-5024cf318b8a",
      "updatedUserId": "28fac8cb-bec7-48c9-a688-5024cf318b8a"
    }
  ],
  "botMessages": [
    {
      "channelContent": {
        "web": {
          "contentFormat": "Markdown",
          "content": "[Tryb Razem](https://youtu.be/MGsNmYKgeTA) zwiększa poczucie bycia razem i, według badań, zmniejsza obciążenie poznawcze na nas podczas spotkań cyfrowych. Jesteś prawdopodobnie mniej zmęczony niż z regularnych poglądów w cyfrowych spotkań!"
        }
      },
      "id": "2888b133-1f39-43fe-8fef-5a8a9324843a",
      "createdTime": "2021-09-27T10:35:37.8958467Z",
      "updatedTime": "2021-09-27T10:35:37.8958467Z",
      "createdUserId": "28fac8cb-bec7-48c9-a688-5024cf318b8a",
      "updatedUserId": "28fac8cb-bec7-48c9-a688-5024cf318b8a"
    },
    {
      "channelContent": {
        "web": {
          "contentFormat": "Markdown",
          "content": "Przejdź do **opcji spotkania** podczas spotkania \"**...**\" i kliknij przycisk Tryb Razem, aby włączyć ten widok (wpływa tylko na sposób wyświetlania spotkania). Aby być widocznym w trybie Razem, musisz mieć włączony aparat."
        }
      },
      "id": "be39f970-38ea-4e63-b972-15053ce1a110",
      "createdTime": "2021-10-11T09:33:04.133Z",
      "updatedTime": "2021-10-11T09:33:04.133Z",
      "createdUserId": "user-0",
      "updatedUserId": "user-0"
    },
    {
      "channelContent": {
        "web": {
          "contentFormat": "Markdown",
          "content": "💡 **Wskazówka:** Obecnie w trybie Razem można zobaczyć do 50 różnych osób w tym samym czasie, w zależności od wyboru sceny."
        }
      },
      "id": "d3687787-8e7f-46cf-9124-63c909bdb8db",
      "createdTime": "2021-10-11T09:35:18.696Z",
      "updatedTime": "2021-10-11T09:35:18.696Z",
      "createdUserId": "user-0",
      "updatedUserId": "user-0"
    },
    {
      "channelContent": {
        "web": {
          "contentFormat": "Markdown",
          "content": "[Więcej informacji o korzystaniu z opcji wideo w aplikacji Teams](https://support.microsoft.com/pl-pl/office/korzystanie-z-klip%c3%b3w-wideo-w-aplikacji-microsoft-teams-3647fc29-7b92-4c26-8c2d-8a596904cdae?ui=pl-PL&rs=pl-PL&ad=PL)."
        }
      },
      "id": "80c97f04-9195-4119-bd04-f2064e801ab9",
      "createdTime": "2021-10-11T09:38:44.964Z",
      "updatedTime": "2021-10-11T09:38:44.964Z",
      "createdUserId": "user-0",
      "updatedUserId": "user-0"
    }
  ]
}