{
  "intents": [
    {
      "triggerQueries": [
        "Jakie są zalety konferencji telefonicznych (audiokonferencji)?",
        "Dlaczego warto zadzwonić na spotkanie?",
        "Korzyści ze spotkań audio w usłudze Teams",
        "Dlaczego warto mieć połączenie konferencyjne?",
        "Jakie są korzyści z telekonferencji?",
        "Dlaczego warto korzystać ze spotkań głosowych w usłudze Teams",
        "Korzyści z połączenia ze spotkaniem w usłudze Teams",
        "Jakie są zalety korzystania z wdzwaniania się na telekonferencje?"
      ],
      "dialogId": "new_topic_0b9b566a22684015b9f4db31bb467e64",
      "isTriggeringEnabled": true,
      "id": "new_topic_0b9b566a22684015b9f4db31bb467e64",
      "displayName": "Jakie są zalety korzystania z wdzwaniania się na telekonferencje?",
      "description": "",
      "createdTime": "2021-09-26T18:17:45.2011191Z",
      "updatedTime": "2021-10-24T19:44:04.6846105Z",
      "createdUserId": "28fac8cb-bec7-48c9-a688-5024cf318b8a",
      "updatedUserId": "28fac8cb-bec7-48c9-a688-5024cf318b8a"
    }
  ],
  "dialogs": [
    {
      "rootNodeId": "9634b271-5da7-4254-b1cc-fbf80d7776e3",
      "messageNodes": [
        {
          "botMessageId": "9db12fd7-f87c-4473-a0e8-1cd0108eb2cb",
          "nodeType": "BotMessageNode",
          "id": "9634b271-5da7-4254-b1cc-fbf80d7776e3",
          "defaultTargetNodeId": "18126600-ab4b-45aa-94c9-43029a22ac1d"
        },
        {
          "botMessageId": "cbb5493c-862c-4646-8fc8-6280d35dbb57",
          "nodeType": "BotMessageNode",
          "id": "18126600-ab4b-45aa-94c9-43029a22ac1d",
          "defaultTargetNodeId": "26ab91f8-8dc9-4e9c-a9af-210b888e511b"
        }
      ],
      "dialogChangeNodes": [
        {
          "targetDialogId": "new_topic_d4ee79ce05584b519ee7d416fda7e2a3_aeabea4d071f415c8c107e1cb7af5424_assumedsuccess",
          "nodeType": "DialogChangeNode",
          "id": "26ab91f8-8dc9-4e9c-a9af-210b888e511b"
        }
      ],
      "id": "new_topic_0b9b566a22684015b9f4db31bb467e64",
      "displayName": "Dialog for Jakie są zalety korzystania z wdzwaniania się na telekonferencje?",
      "createdTime": "2021-09-26T18:17:45.2011191Z",
      "updatedTime": "2021-10-24T19:46:08.4239161Z",
      "createdUserId": "28fac8cb-bec7-48c9-a688-5024cf318b8a",
      "updatedUserId": "28fac8cb-bec7-48c9-a688-5024cf318b8a"
    }
  ],
  "botMessages": [
    {
      "channelContent": {
        "web": {
          "contentFormat": "Markdown",
          "content": "Dołączanie do spotkań jest bardzo przydatne, gdy użytkownicy są w drodze i nie mogą uczestniczyć w spotkaniu przy użyciu aplikacji Microsoft Teams na laptopie lub urządzeniach przenośnych."
        }
      },
      "id": "9db12fd7-f87c-4473-a0e8-1cd0108eb2cb",
      "createdTime": "2021-09-26T18:17:45.2011191Z",
      "updatedTime": "2021-09-26T18:17:45.2011191Z",
      "createdUserId": "28fac8cb-bec7-48c9-a688-5024cf318b8a",
      "updatedUserId": "28fac8cb-bec7-48c9-a688-5024cf318b8a"
    },
    {
      "channelContent": {
        "web": {
          "contentFormat": "Markdown",
          "content": "Istnieją jednak scenariusze, w których używanie telefonu do uczestnictwa w spotkaniu usługi Microsoft Teams może być lepszym rozwiązaniem niż korzystanie z aplikacji na komputerze:\n\n*   łączność z Internetem jest ograniczona,\n*   spotkanie jest tylko audio,\n*   jakość połączeń jest lepsza podczas połączenia telefonicznego, a uczestnik może dołączyć do spotkania bez użycia rąk za pomocą urządzeń Bluetooth.\n\nDla niektórych osób, dołączanie do spotkań w ten sposób jest łatwiejsze i wygodniejsze."
        }
      },
      "id": "cbb5493c-862c-4646-8fc8-6280d35dbb57",
      "createdTime": "2021-10-24T19:45:03.146Z",
      "updatedTime": "2021-10-24T19:45:03.146Z",
      "createdUserId": "user-0",
      "updatedUserId": "user-0"
    }
  ]
}